gene,position,nuc,name,total_w,total_wo,avg_tox_w,avg_tox_wo,sd_tox_w,sd_tox_wo,lr_p-val_tox,lr_p-val_phylo,median_tox_w,median_tox_wo,lr_p-val_tox_bonf,lr_p-val_phylo_bonf
nheA_up,37,C,nheA_up_SNP_C_37,6,57,0.37262252316666666,0.45490062200000003,0.4353335505649366,0.2799136952772198,0.0007057122275598154,0.38140274493742143,0.3533598925,0.414999872,0.33239045918067306,1.0
nheA_up,45,C,nheA_up_SNP_C_45,6,11,0.37262252316666666,0.7426286036363635,0.4353335505649366,0.23515657499849724,0.047187690487434805,0.07080419380016288,0.3533598925,0.7971885519999999,1.0,1.0
nheA_up,69,C,nheA_up_SNP_C_69,157,44,0.46951014969426746,0.5566790776363636,0.34313682462277184,0.32531964286518406,0.018211055066294654,0.04038986231713124,0.42024106699999997,0.5790824165,1.0,1.0
nheA_up,72,C,nheA_up_SNP_C_72,134,67,0.49416352677611936,0.477448661641791,0.3548304145271478,0.31194439606818375,0.00496331986895581,1.3503530137348312e-08,0.462795458,0.420462397,1.0,6.360162694691055e-06
nheA_up,74,C,nheA_up_SNP_C_74,141,61,0.4463173994926575,0.583616466442623,0.3190231301300612,0.3683638803248956,0.03254688617447505,9.024332238587393e-07,0.416725468,0.5940569529999999,1.0,0.0004250460484374662
nheA_up,86,C,nheA_up_SNP_C_86,174,28,0.5194873690287356,0.2907341275165968,0.3385963244496226,0.28154563974178703,3.347331021102289e-09,0.3947015648286215,0.47016718300000004,0.271973657,1.5765929109391783e-06,1.0
nheA_up,165,C,nheA_up_SNP_C_165,106,101,0.4733814475892898,0.5169277303861386,0.2967748750596464,0.3829479824448313,0.04546051502841355,0.00482714920704654,0.4441174735,0.45818593799999996,1.0,1.0
nheA_up,184,C,nheA_up_SNP_C_184,38,171,0.43750261671052637,0.5103392436752322,0.30275841464366016,0.3518698445178136,0.07193039002536383,3.316305847581397e-05,0.3792848725,0.461305702,1.0,0.015619800542108379
nheA_up,188,C,nheA_up_SNP_C_188,30,180,0.47305186000000005,0.4990664282303595,0.33132431627754616,0.34675631289359404,0.09484977658409481,6.618002048914049e-06,0.4229856915,0.4552471905,1.0,0.003117078965038517
nheA_up,189,C,nheA_up_SNP_C_189,125,85,0.4251630133237177,0.5985663084235293,0.30274466181286264,0.37535459717666836,0.046324482811664215,0.0045081015089442214,0.394594416,0.612109671,1.0,1.0
nheA_up,190,C,nheA_up_SNP_C_190,27,183,0.41959258055555565,0.5065273945708454,0.3193445744534602,0.3469032311955073,0.0076034060718319744,4.8808220996445317e-05,0.30654602,0.455959844,1.0,0.022988672089325743
nheA_up,201,C,nheA_up_SNP_C_201,24,192,0.7707418344166665,0.470253173247212,0.35037260193311215,0.3322897930382084,0.19261198167473892,3.375250431594283e-09,0.8348553575,0.436182581,1.0,1.5897429532809073e-06
nheA_up,202,C,nheA_up_SNP_C_202,33,180,0.5796175316363638,0.48113947486369285,0.3757696136805748,0.33611618832626977,0.1565932898232195,1.8064641971608077e-05,0.5780615170000001,0.441607347,1.0,0.008508446368627404
nheA_up,204,C,nheA_up_SNP_C_204,22,193,0.23932794195454543,0.5217150584894544,0.2438234946601139,0.34284962819147197,8.015038540534712e-09,0.8470996647875741,0.20107335250000002,0.467404978,3.7750831525918494e-06,1.0
nheA_up,210,C,nheA_up_SNP_C_210,24,193,0.6054266146666668,0.48103039523556845,0.43392694151370587,0.33050374447299063,0.06109161368785192,6.325047809102613e-06,0.6232005415,0.44219029899999995,1.0,0.0029790975180873304
nheA_up,213,C,nheA_up_SNP_C_213,13,203,0.8503014220769232,0.46963438109588523,0.3419726655479419,0.3322160122098452,0.13054905473325595,4.793766361030609e-08,0.887152902,0.430128096,1.0,2.2578639560454167e-05
nheA_up,216,C,nheA_up_SNP_C_216,132,84,0.49990952099999997,0.4809719175888655,0.3518111832381851,0.33343648125437253,0.30478906600469446,0.0001924554122223927,0.46898988350000004,0.4167337135,1.0,0.09064649915674697
nheA_up,217,C,nheA_up_SNP_C_217,33,183,0.5623489238484849,0.47995728613368693,0.28306613441499673,0.3534478298519274,0.028229489230722115,0.00015572250551700208,0.5746496050000001,0.42024106699999997,1.0,0.07334530009850798
nheA_up,218,C,nheA_up_SNP_C_218,30,186,0.27791637691549026,0.5271624007634408,0.2937454865000013,0.34000201758774484,1.0270732778893974e-09,0.2918872482690612,0.33211053823235387,0.46858227750000003,4.837515138859062e-07,1.0
nheA_up,219,C,nheA_up_SNP_C_219,80,136,0.43770124647499997,0.5248058686137111,0.29198832994931473,0.368747492963953,0.0025967185019125927,2.377833342543245e-09,0.395140129,0.4778948195,1.0,1.1199595043378682e-06
nheA_up,226,C,nheA_up_SNP_C_226,19,198,0.754547475368421,0.4669035340377006,0.376044839744382,0.3301657730904685,0.2400188603814678,1.526252245536282e-08,0.923887369,0.4229856915,1.0,7.188648076475888e-06
nheA_up,230,C,nheA_up_SNP_C_230,37,180,0.2803544224324324,0.5356121563414705,0.272501397260038,0.34122171893627473,8.728074982989133e-11,0.008938605690093089,0.28928192799999997,0.47258973950000005,4.1109233169878816e-08,1.0
nheA_up,239,C,nheA_up_SNP_C_239,99,119,0.6168656925252526,0.3923781965921404,0.3577720061650416,0.29769379261733286,0.04455902282580701,0.20426613782065772,0.612109671,0.366883572,1.0,1.0
nheA_up,261,C,nheA_up_SNP_C_261,128,95,0.55216619540625,0.42370579115226015,0.3575329091711779,0.31383144032466903,5.775560294254283e-10,9.046533205011555e-09,0.478691957,0.400189738,2.7202888985937673e-07,4.2609171395604425e-06
nheA_up,265,C,nheA_up_SNP_C_265,96,127,0.6326634425520833,0.3952254542241316,0.35092846225482355,0.3037025895562272,0.03171984142594702,0.06161683164126189,0.6336365230000001,0.364955889,1.0,1.0
nheA_up,278,C,nheA_up_SNP_C_278,120,103,0.6105179437583333,0.3657006788394633,0.35470118825565805,0.28213962996341146,4.970326035579345e-06,0.0035767174164781455,0.6046449300000001,0.339836213,0.002341023562757872,1.0
nheA_up,308,C,nheA_up_SNP_C_308,12,212,0.5338779851220591,0.4948049578160377,0.419029055490256,0.34001230832925755,0.009229589453233272,3.365951777642001e-06,0.439520077,0.4447004255,1.0,0.0015853632872693823
nheA_up,354,C,nheA_up_SNP_C_354,51,177,0.7669244918039215,0.42258603669754075,0.3483602713271376,0.30596971950175156,0.0003653676759071233,1.4502340467840712e-10,0.850807847,0.384491928,0.17208817535225507,6.830602360352975e-08
nheA_up,371,C,nheA_up_SNP_C_371,216,12,0.4994808346688181,0.5019181074166666,0.340554939977061,0.44745041072057984,0.001045737832590145,9.738433555817458e-06,0.450003682,0.439520077,0.4925425191499583,0.004586802204790023
nheA_up,372,C,nheA_up_SNP_C_372,215,13,0.5002952345348838,0.48826170403574676,0.34113609713735504,0.4324915319547497,0.0018173701510001883,6.6489124259456755e-06,0.452796812,0.366883572,0.8559813411210887,0.003131637752620413
nheA_up,381,C,nheA_up_SNP_C_381,213,17,0.49662442731204093,0.5519168901764706,0.34570919745579776,0.35151969822145573,0.9195230800521604,4.1748997984648313e-08,0.44219029899999995,0.512721051,1.0,1.9663778050769355e-05
nheA_up,390,C,nheA_up_SNP_C_390,94,136,0.4494950575106384,0.5412246469592992,0.3028533849489694,0.36933631719778864,0.02936277043081872,0.8707707849061241,0.4176204695,0.49155859399999996,1.0,1.0
nheA_up,403,C,nheA_up_SNP_C_403,200,32,0.47898917284,0.6403677712332722,0.32992974017283977,0.4077136612051372,0.33208362423882876,3.589497512776395e-07,0.4307344315,0.731708985,1.0,0.0001690653328517682
nheA_up,418,C,nheA_up_SNP_C_418,58,169,0.45888660157697775,0.51952376052071,0.29852160518362936,0.35359764132658655,1.4890658850398278e-06,0.35688615254962563,0.441607347,0.452796812,0.0007013500318537589,1.0
nheA_up,421,C,nheA_up_SNP_C_421,23,205,0.37769760273913044,0.520310562529096,0.31274605387227583,0.3419677014270872,2.1762957872938064e-06,0.018794996978164048,0.37086008299999995,0.461305702,0.0010250353158153828,1.0
nheA_up,422,C,nheA_up_SNP_C_422,17,220,0.514118922117647,0.4980898932930214,0.39358575777393223,0.3411820286338124,0.1737511210966589,1.8966032524488362e-08,0.42024106699999997,0.4447004255,1.0,8.93300131903402e-06
nheA_up,423,C,nheA_up_SNP_C_423,150,88,0.4900799049800001,0.5094563795052808,0.3501469032999544,0.3381094074003331,0.8870747453053283,0.008927217200534675,0.4229856915,0.49136568550000004,1.0,1.0
nheA_up,425,C,nheA_up_SNP_C_425,30,208,0.6399124925,0.47666717484838794,0.3867172589204396,0.3345923769494944,0.3271345110485385,1.1676482634800458e-07,0.781152217,0.419354311,1.0,5.499623320991016e-05
nheA_up,427,C,nheA_up_SNP_C_427,162,78,0.4410841199012346,0.6089455970700604,0.3023129464679308,0.3985747640644967,0.08411132722908407,1.2624520750755304e-05,0.41586267,0.6438665045,1.0,0.005946149273605748
nheA_up,437,C,nheA_up_SNP_C_437,44,200,0.33173740570454546,0.5334204277873236,0.2639902267023506,0.34932137507532984,2.70220299653335e-09,0.8314192555232257,0.3659197305,0.4829246945,1.272737611367208e-06,1.0
nheA_up,457,C,nheA_up_SNP_C_457,18,232,0.5035781410813727,0.5014938239094827,0.3849577751828909,0.3407431404495934,0.11029357911750028,8.761752781994152e-09,0.386100169,0.4552471905,1.0,4.126785560319246e-06
nheA_up,458,C,nheA_up_SNP_C_458,72,178,0.3400460731592321,0.5670093057247191,0.2994806187899682,0.33941286189731457,1.4004344379638716e-09,0.05361269242206382,0.306818293,0.550383133,6.596046202809835e-07,1.0
nheA_up,460,C,nheA_up_SNP_C_460,21,231,0.6843215761904762,0.4867965313569901,0.3624817545603451,0.33683999138748183,0.9104667601738152,4.207309890373072e-09,0.794421418,0.431340767,1.0,1.981642958365717e-06
nheA_up,473,C,nheA_up_SNP_C_473,247,13,0.4974447855546559,0.48826170403574676,0.3361139022241144,0.4324915319547497,0.0014835141083916147,1.6800914528173622e-06,0.452796812,0.366883572,0.6987351450524505,0.0007913230742769776
nheA_up,478,C,nheA_up_SNP_C_478,23,237,0.5966568709130434,0.48731289516229837,0.3879002949501191,0.3351773987664112,0.0020129414796647904,4.5918060200821823e-10,0.649678769,0.44219029899999995,0.9480954369221163,2.162740635458708e-07
nheA_up,479,C,nheA_up_SNP_C_479,24,236,0.5412941521666667,0.4924796802223081,0.24068873644020564,0.34990703053785466,0.9908384366139334,2.7031444665257505e-09,0.47242607400000003,0.450003682,1.0,1.2731810437336285e-06
nheA_up,493,C,nheA_up_SNP_C_493,22,237,0.33009230097566855,0.5138149410168776,0.2693107705604064,0.34348030168869137,6.750449341375543e-06,0.00014315827691916352,0.30749721123235385,0.467404978,0.003179461639787881,0.06742754842892602
nheA_up,495,C,nheA_up_SNP_C_495,185,74,0.4979525226594595,0.49885074257384737,0.34266161797143857,0.33919429416398467,0.17208926785526812,7.799354049836134e-09,0.454534537,0.4420687895,1.0,3.673495757472819e-06
nheA_up,503,C,nheA_up_SNP_C_503,25,235,0.29613576523999996,0.5183526385253817,0.19483615568008367,0.34685250235191467,3.254351660707872e-09,0.16996368436658116,0.33725143300000004,0.47057478900000005,1.5327996321934078e-06,1.0
nheA_up,519,C,nheA_up_SNP_C_519,22,241,0.5120931680909091,0.4992302132965341,0.3860889447487634,0.33908000690019635,0.9152807759758192,4.219086515285479e-09,0.5038595379999999,0.452796812,1.0,1.9871897486994606e-06
nheA_up,520,C,nheA_up_SNP_C_520,17,246,0.514118922117647,0.4993516643352224,0.39358575777393223,0.33950502310908826,0.16497814051171322,7.062726260571855e-09,0.42024106699999997,0.4536656745,1.0,3.3265440687293437e-06
nheA_up,521,C,nheA_up_SNP_C_521,40,223,0.5861266229866178,0.48491240440807176,0.28588881036519337,0.35036846400232785,0.029913319613659704,9.419967723129694e-06,0.5790824165,0.42024106699999997,1.0,0.004436804797594086
nheA_up,617,C,nheA_up_SNP_C_617,31,222,0.4755276603870968,0.5085165694975888,0.31348522583690996,0.3427852381539546,0.34796934870348095,9.682805491752098e-10,0.374077817,0.45974581999999997,1.0,4.5606013866152383e-07
nheA_up,618,C,nheA_up_SNP_C_618,237,16,0.5008853065485231,0.5576386405290442,0.3416470107961981,0.3010290533758842,0.8124708706532615,1.7067784905962153e-08,0.455959844,0.4135133045,1.0,8.038926690708173e-06
nheA_up,620,C,nheA_up_SNP_C_620,237,16,0.4998634746244726,0.5727745259040443,0.34102181831115713,0.3081848019261081,0.44092488476346325,9.391284846344704e-09,0.454534537,0.557316341,1.0,4.423295162628356e-06
nheA_up,723,C,nheA_up_SNP_C_723,169,93,0.5418892200887574,0.4195897389727388,0.3536426425314354,0.30635657140272005,2.2775157351845193e-11,3.8860494740464196e-07,0.48762433699999996,0.39360392200000005,1.0727099112719086e-08,0.00018303293022758636
nheA_up,729,C,nheA_up_SNP_C_729,12,125,0.7701609526666666,0.361724518512,0.28437093487213055,0.2623972653176068,0.23057502610097358,3.572747858272483e-06,0.809521376,0.33725143300000004,1.0,0.0016827642412463395
nheA_up,741,C,nheA_up_SNP_C_741,68,185,0.6529246357794118,0.4499089765808903,0.3725862913732148,0.30907259245698165,0.0027725584833554868,8.891515327952612e-10,0.709533609,0.400189738,1.0,4.1879037194656803e-07
nheA_up,755,C,nheA_up_SNP_C_755,246,15,0.5072798703577236,0.3753455512976472,0.34059911022522876,0.3536119261458004,0.00020112919471766393,6.564028993181724e-06,0.45974581999999997,0.254665386,0.09473185071201971,0.003091657655788592
nheA_up,797,C,nheA_up_SNP_C_797,225,36,0.51225760664,0.4211963856517975,0.3457326783921665,0.31215140682429166,0.026927013354276236,3.2810719491579564e-07,0.461305702,0.368570491,1.0,0.00015453848880533975
nheA_up,799,C,nheA_up_SNP_C_799,39,222,0.5928379501538461,0.48333491586245364,0.28640258076216535,0.3491484100861512,0.022535688221784842,1.5702254479045654e-05,0.583515228,0.419354311,1.0,0.007395761859630503
nheA_up,802,C,nheA_up_SNP_C_802,36,225,0.2837530146111111,0.5342485460065098,0.21399156330921904,0.34681884166623533,3.085231962397966e-11,0.3733466748627081,0.3024518505,0.512721051,1.453144254289442e-08,1.0
nheA_up,804,C,nheA_up_SNP_C_804,222,39,0.5019368195065979,0.48695019094871794,0.3415628867089356,0.34908291805235997,0.07523080785022668,2.8534124154895537e-07,0.4474935555,0.461305702,1.0,0.00013439572476955797
nheA_up,806,C,nheA_up_SNP_C_806,242,19,0.5034346165413224,0.4520975881297215,0.3326895788146531,0.4488619184673571,0.0011945263541971842,1.9397573146552274e-06,0.4552471905,0.339836213,0.5626219128268738,0.0009136256952026121
nheA_up,815,C,nheA_up_SNP_C_815,203,59,0.4983769856229789,0.49882365827118635,0.34874330668730497,0.3208074139472649,2.2112733480852265e-05,0.4163055537852999,0.425508986,0.512156582,0.010415097469481417,1.0
nheA_up,832,C,nheA_up_SNP_C_832,233,29,0.48328791101057816,0.6205186432413793,0.3303527592515954,0.40885533717933864,0.047823356993755985,3.4443441832014527e-07,0.425508986,0.734244501,1.0,0.00016222861102878843
nheA_up,833,C,nheA_up_SNP_C_833,241,21,0.4905643504915548,0.5892912119523811,0.33565755603189185,0.40359070343465725,0.026549873872621393,1.5947270056279914e-07,0.441024395,0.734244501,1.0,7.511164196507839e-05
nheA_up,842,C,nheA_up_SNP_C_842,36,225,0.4281020279444444,0.5141606599155556,0.31581568107928865,0.3465538203387916,0.6881613503206602,1.0649767638003221e-09,0.352489626,0.46975957700000004,1.0,5.016040557499517e-07
nheA_up,843,C,nheA_up_SNP_C_843,16,242,0.20199782562500002,0.5157517644917355,0.24125055180318866,0.337864989657664,3.3612429580749973e-08,0.028544212629572647,0.147241171,0.46858227750000003,1.5831454332533236e-05,1.0
nheA_up,849,C,nheA_up_SNP_C_849,210,52,0.5042234830380953,0.4878695154038462,0.34415535378887185,0.34184368856306374,0.16369233174565434,1.1536831547486862e-06,0.4552471905,0.4392756595,1.0,0.0005433847658866312
nheA_up,858,C,nheA_up_SNP_C_858,26,237,0.4216876209615385,0.5089310251369819,0.40713083065937433,0.33441060780342285,0.006297029906538054,5.257912610555281e-07,0.345897742,0.45818593799999996,1.0,0.0002476476839571537
nheA_up,873,C,nheA_up_SNP_C_873,249,14,0.4990109307911646,0.5233435239617649,0.3372956255541853,0.43553166458773496,0.003268164663519062,8.515396274969444e-07,0.452796812,0.439520077,1.0,0.0004010751645510608
nheA_up,35,G,nheA_up_SNP_G_35,6,56,0.37262252316666666,0.46184710442857135,0.4353335505649366,0.27748938296103104,0.0007802932772065901,0.1882444070839201,0.3533598925,0.4177311345,0.3675181335643039,1.0
nheA_up,46,G,nheA_up_SNP_G_46,39,24,0.3676853623589744,0.5760558942083334,0.23250666271765286,0.34680091273665997,0.6505513778979127,0.6274698900381084,0.333001859,0.5455467345,1.0,1.0
nheA_up,53,G,nheA_up_SNP_G_53,135,13,0.5100789904148149,0.6968764051538462,0.3279373811947547,0.40651943762074527,0.7236186839840262,0.0001150315426917967,0.467404978,0.798948785,1.0,0.054179856607836245
nheA_up,54,G,nheA_up_SNP_G_54,60,134,0.5124042593666667,0.4850285821343283,0.3170408633170136,0.3561186802279433,0.0014851644931495437,7.93565235806129e-09,0.4420687895,0.4508725445,0.6995124762734352,3.7376922606468677e-06
nheA_up,60,G,nheA_up_SNP_G_60,25,175,0.66980523516,0.46278421342285714,0.40467351303688753,0.3240079108041633,0.6139555219377734,1.4770738594478313e-06,0.794421418,0.420462397,1.0,0.0006957017877999285
nheA_up,68,G,nheA_up_SNP_G_68,172,28,0.5182767778430232,0.30674151567857144,0.3403111013367077,0.2931425067178316,7.974522134943057e-09,0.5693495421967137,0.46858227750000003,0.271973657,3.75599992555818e-06,1.0
nheA_up,73,G,nheA_up_SNP_G_73,44,157,0.7402468510909089,0.41806440426751595,0.3532608810040364,0.30227430708213815,0.0008305413773010688,2.9386869090486935e-09,0.799392045,0.394594416,0.3911849887088034,1.3841215341619347e-06
nheA_up,80,G,nheA_up_SNP_G_80,149,54,0.4156761799628504,0.6958335953703704,0.29207058174833134,0.38125927466748444,0.010941767899597454,4.1363391968979606e-07,0.394594416,0.796903947,1.0,0.00019482157617389394
nheA_up,83,G,nheA_up_SNP_G_83,11,190,0.4431599372727273,0.4912221768842106,0.2723702652257684,0.3446078009063048,0.2817778837087459,8.926734513615926e-06,0.461305702,0.441607347,1.0,0.004204491955913101
nheA_up,98,G,nheA_up_SNP_G_98,187,17,0.5027509604302925,0.3149438646470588,0.33709700908304296,0.31138273685177675,0.00016509829961376877,0.0002977882721657569,0.45818593799999996,0.29551732500000005,0.07776129911808509,0.1402582761900715
nheA_up,166,G,nheA_up_SNP_G_166,159,48,0.5335509519714762,0.36569860104166657,0.3347569925742894,0.3350668322781282,0.0032982936271197276,0.00427178483968589,0.48762433699999996,0.293063442,1.0,1.0
nheA_up,185,G,nheA_up_SNP_G_185,148,61,0.5208744700945946,0.43940472999122465,0.3506977911965805,0.32215900647446305,1.1532718510010695e-07,0.007729870020346184,0.4447004255,0.455959844,5.4319104182150374e-05,1.0
nheA_up,186,G,nheA_up_SNP_G_186,99,110,0.4839672133683304,0.5089123270909091,0.38214947193026955,0.30644345934210565,0.07044939490742466,0.10719007833327512,0.416725468,0.479099563,1.0,1.0
nheA_up,187,G,nheA_up_SNP_G_187,136,74,0.503736690988711,0.4799367960405405,0.3641522811053154,0.30518456512085007,0.022181350282793687,0.7610732765117194,0.4392756595,0.454378328,1.0,1.0
nheA_up,188,G,nheA_up_SNP_G_188,17,193,0.8371081872352941,0.46524701398168244,0.34467857424353204,0.32807917550552124,0.06699275337386859,1.6960730215677034e-08,0.887152902,0.430128096,1.0,7.988503931583882e-06
nheA_up,191,G,nheA_up_SNP_G_191,37,173,0.4348010333783784,0.5082998534477728,0.35171107230159326,0.34180987326323475,0.9528404615519551,1.358205790650148e-07,0.351959271,0.461305702,1.0,6.397149273962197e-05
nheA_up,195,G,nheA_up_SNP_G_195,79,131,0.41826670425316465,0.541835444621868,0.3132807153598743,0.3543399801236882,0.8988321862742166,0.00019072591917719114,0.364955889,0.513511381,1.0,0.08983190793245703
nheA_up,196,G,nheA_up_SNP_G_196,23,191,0.40127359486956526,0.5134322347773022,0.22541410852779045,0.3575518232596549,0.056320214536341666,1.4025040634095978e-06,0.394594416,0.461305702,1.0,0.0006605794138659205
nheA_up,203,G,nheA_up_SNP_G_203,85,129,0.49762798931764696,0.4920395549415869,0.33484071107201474,0.3515421026344223,0.0017639662594759002,6.31492801062322e-08,0.452796812,0.44721055200000004,0.830828108213149,2.9743310930035367e-05
nheA_up,204,G,nheA_up_SNP_G_204,14,201,0.2733753358903363,0.5081043099950249,0.2145115874430804,0.34701082687266477,4.521230783934175e-06,0.0023512208305961533,0.268335558,0.461305702,0.0021294996992329966,1.0
nheA_up,215,G,nheA_up_SNP_G_215,43,173,0.48300129627906974,0.49491700641309083,0.3274222223860694,0.3490746509050551,0.027978001956939773,1.9643007459238175e-09,0.430128096,0.452796812,1.0,9.251856513301181e-07
nheA_up,217,G,nheA_up_SNP_G_217,73,143,0.5888566387808218,0.44337876376548746,0.3606139368850141,0.3258060582745393,0.08807095865077105,5.1581354106178834e-05,0.5714183509999999,0.414999872,1.0,0.02429481778401023
nheA_up,218,G,nheA_up_SNP_G_218,84,132,0.6258894819404762,0.4076892527762478,0.36579791547890955,0.30165422994350977,0.06718841523494831,0.01055116939762961,0.6330394185,0.3764130455,1.0,1.0
nheA_up,221,G,nheA_up_SNP_G_221,80,136,0.4927746553875,0.4924097457240052,0.3129077939189853,0.3624102014939335,0.2865185385084039,0.16238171549289326,0.49136568550000004,0.420351732,1.0,1.0
nheA_up,223,G,nheA_up_SNP_G_223,156,61,0.41203537136195323,0.6968161285081966,0.3011671938803678,0.36212363067527825,5.964919658979876e-06,1.1949770510404737e-10,0.37246894999999997,0.794421418,0.0028094771593795216,5.628341910400631e-08
nheA_up,224,G,nheA_up_SNP_G_224,17,200,0.3520260681764706,0.5039942930623236,0.2871489590971036,0.34598755130759457,0.0006067526158338775,5.044258536590297e-05,0.339836213,0.4552471905,0.2857804820577563,0.023758457707340298
nheA_up,225,G,nheA_up_SNP_G_225,158,59,0.5343362535822785,0.3789520967027916,0.3377386449261023,0.3356047441281846,0.006000079058776735,0.010011337087148256,0.49155859399999996,0.29060955899999996,1.0,1.0
nheA_up,229,G,nheA_up_SNP_G_229,184,33,0.5289628011873082,0.28648928342424246,0.34073722952400576,0.2858892066924199,3.3048919118926587e-10,0.07757109584685704,0.46858227750000003,0.339836213,1.5566040905014422e-07,1.0
nheA_up,233,G,nheA_up_SNP_G_233,26,191,0.3809710842871042,0.507214940209424,0.2658553640512791,0.3507857171577982,0.024229120549537003,4.661287956968043e-06,0.33211053823235387,0.45818593799999996,1.0,0.002195466627731948
nheA_up,234,G,nheA_up_SNP_G_234,195,22,0.5054671914331523,0.37350906554545454,0.34899078791216404,0.2705938734918326,0.009177584743340664,8.445591605193002e-06,0.455959844,0.352396051,1.0,0.003977873646045904
nheA_up,235,G,nheA_up_SNP_G_235,57,160,0.44704527807017536,0.5081357557591544,0.31534384309830316,0.35249133490277446,0.01922529046019482,1.3703144170490882e-09,0.414999872,0.457072891,1.0,6.454180904301205e-07
nheA_up,241,G,nheA_up_SNP_G_241,205,13,0.49899499269268294,0.4206719578819006,0.3427229256174776,0.37079457177805397,0.0004809200550370245,5.297536457654517e-05,0.452796812,0.366883572,0.22651334592243855,0.024951396715552774
nheA_up,246,G,nheA_up_SNP_G_246,207,13,0.5024573996763285,0.35121456803574674,0.33967553310403403,0.3743677279025455,2.1527576689060267e-05,0.00050893401044747,0.454534537,0.32438486346470774,0.010139488620547386,0.23970791892075835
nheA_up,247,G,nheA_up_SNP_G_247,18,202,0.32980579608137267,0.5081087464752475,0.2555856344898465,0.3467247346754276,1.454093413211109e-05,0.0011316377828053579,0.29427587499999996,0.45974581999999997,0.006848779976224323,0.5330013957013235
nheA_up,251,G,nheA_up_SNP_G_251,45,174,0.724129659311111,0.431087524514165,0.34143236135221045,0.3165179223653309,0.0009623831234172078,3.396607341719613e-10,0.797508769,0.389047925,0.4532824511295049,1.5998020579499377e-07
nheA_up,253,G,nheA_up_SNP_G_253,150,69,0.41909256842976467,0.6482779517391304,0.2946203511849533,0.3853397472550871,0.11952388948293499,0.00020823949861352556,0.394099169,0.756668148,1.0,0.09808080384697054
nheA_up,265,G,nheA_up_SNP_G_265,26,197,0.26849423038461534,0.5276572242713944,0.22143034870408684,0.3475885670998763,2.4532572149422487e-09,0.7974193246669481,0.2835572035,0.46975957700000004,1.155484148237799e-06,1.0
nheA_up,266,G,nheA_up_SNP_G_266,190,33,0.47962368207613,0.6000249568787879,0.3318037064068622,0.4005007608747165,0.3458801238490391,5.83843362315218e-07,0.427818541,0.734244501,1.0,0.0002749902236504677
nheA_up,267,G,nheA_up_SNP_G_267,47,176,0.5303974001063829,0.48864003049127674,0.2952706873469693,0.3572007460166879,0.004628961532152141,0.01771347039415664,0.559244453,0.419354311,1.0,1.0
nheA_up,268,G,nheA_up_SNP_G_268,80,143,0.3874359315058089,0.5589821583986013,0.289223225055733,0.35887295882115705,2.0493403844870337e-11,7.321329579302227e-08,0.36754822299999995,0.512721051,9.652393210933929e-09,3.448346231851349e-05
nheA_up,269,G,nheA_up_SNP_G_269,21,202,0.25606987285714283,0.5225339398092312,0.21687480859322278,0.34669759782931847,3.7490649722640136e-08,0.215592286463395,0.21740737300000001,0.46858227750000003,1.7658096019363504e-05,1.0
nheA_up,274,G,nheA_up_SNP_G_274,160,63,0.54897639268125,0.3665571482930906,0.34468899506740813,0.3112894794359785,1.4819428090410523e-08,0.044022153209414425,0.513116216,0.339836213,6.979950630583356e-06,1.0
nheA_up,277,G,nheA_up_SNP_G_277,111,112,0.39257027554054047,0.6013752016648635,0.2995461608259636,0.35642323190410785,0.09247991259688176,0.8764869543141331,0.37086008299999995,0.5807883725,1.0,1.0
nheA_up,279,G,nheA_up_SNP_G_279,207,16,0.5007704949903382,0.45436441927904425,0.33895493116858816,0.4186523143119746,0.004596574246171102,5.198653805413321e-06,0.452796812,0.3533598925,1.0,0.002448565942349674
nheA_up,280,G,nheA_up_SNP_G_280,165,58,0.4957819978121212,0.502160233318357,0.35386057675247423,0.3204528286092046,0.00044454696241621723,0.5932835866146502,0.430128096,0.47258973950000005,0.2093816192980383,1.0
nheA_up,291,G,nheA_up_SNP_G_291,199,24,0.5037043603239434,0.4455064777916667,0.3484406500801407,0.31525893547780465,0.003389982694481672,1.387609027658911e-05,0.454534537,0.3792848725,1.0,0.006535638520273471
nheA_up,292,G,nheA_up_SNP_G_292,84,139,0.38499472000553225,0.5653940049712229,0.28985589676669243,0.3584266543242845,6.934913126700106e-11,1.6608146266521994e-07,0.36754822299999995,0.513511381,3.26634408267575e-08,7.82243689153186e-05
nheA_up,293,G,nheA_up_SNP_G_293,45,178,0.5008592259777778,0.4965767303509253,0.2880247189970966,0.3585617574445596,0.0002849958472117686,0.08423261735551492,0.47460469000000005,0.427818541,0.134233044036743,1.0
nheA_up,298,G,nheA_up_SNP_G_298,176,47,0.5080626270026404,0.45766597487234045,0.3552905758819105,0.30274224331766947,0.2715672367415345,2.415105222935262e-06,0.4552471905,0.430128096,1.0,0.0011375145600025084
nheA_up,303,G,nheA_up_SNP_G_303,28,196,0.44676251521428567,0.5040603900635954,0.3350203534139191,0.3456007862658743,0.18334882061966207,4.923630785483655e-09,0.392598478,0.4552471905,1.0,2.3190300999628014e-06
nheA_up,304,G,nheA_up_SNP_G_304,204,20,0.5023602508284314,0.4411847854732354,0.340652094213052,0.3802779560460363,0.00692504378970903,4.111161922113998e-06,0.4536656745,0.3533598925,1.0,0.0019363572653156931
nheA_up,306,G,nheA_up_SNP_G_306,79,145,0.3882340462911392,0.5561013601480325,0.29096043825557827,0.357233685568348,1.2993493476540911e-11,5.2232642445349324e-08,0.37086008299999995,0.512156582,6.119935427450769e-09,2.4601574591759532e-05
nheA_up,307,G,nheA_up_SNP_G_307,43,181,0.3934155428480165,0.5214824228508287,0.30070172283390606,0.35002246207347704,0.00012102432501885387,0.011902598661741943,0.39360392200000005,0.467404978,0.05700245708388017,1.0
nheA_up,308,G,nheA_up_SNP_G_308,184,40,0.5255139639565217,0.3652654377616177,0.3417046861765204,0.3280760036753851,2.5410824768689145e-08,0.8878845156735652,0.47016718300000004,0.33211053823235387,1.1968498466052586e-05,1.0
nheA_up,313,G,nheA_up_SNP_G_313,17,207,0.5980333604117647,0.48859236594910493,0.41472284594108605,0.3370894186198913,0.04911794436452669,7.364283641937177e-07,0.734244501,0.441024395,1.0,0.0003468577595352411
nheA_up,328,G,nheA_up_SNP_G_328,173,52,0.5521863205922815,0.3222879766923077,0.3389614845955214,0.3062688035137849,2.30204869400907e-11,0.0006470889592193923,0.519675118,0.31201793650000004,1.0842649348782719e-08,0.30477889979233375
nheA_up,348,G,nheA_up_SNP_G_348,64,154,0.347593163421875,0.5738405339999999,0.293412727181881,0.3418002753224205,7.015105876698922e-07,0.5372876495977894,0.288335009,0.550383133,0.0003304114867925192,1.0
nheA_up,351,G,nheA_up_SNP_G_351,23,205,0.2635074125217391,0.5260985711681205,0.2279309567880533,0.3480462476755428,6.437443229336823e-09,0.48057761822987966,0.28678444000000003,0.46975957700000004,3.0320357610176437e-06,1.0
nheA_up,389,G,nheA_up_SNP_G_389,13,217,0.48826170403574676,0.5046621439631337,0.4324915319547497,0.3408184630507851,0.0016057363916508942,7.397491417703646e-06,0.366883572,0.454534537,0.7563018404675712,0.0034842184577384173
nheA_up,393,G,nheA_up_SNP_G_393,195,35,0.5325466247794872,0.3432141588704202,0.347863764796181,0.2918191583463626,1.6356281711121732e-07,0.16059505925385065,0.47460469000000005,0.37086008299999995,7.703808685938336e-05,1.0
nheA_up,405,G,nheA_up_SNP_G_405,199,33,0.5245581380777121,0.36068284151515156,0.347373068546789,0.3032863436066183,3.818845444246994e-06,0.011289722822175658,0.47057478900000005,0.30654602,0.001798676204240334,1.0
nheA_up,406,G,nheA_up_SNP_G_406,53,179,0.4716715888113208,0.5100056370975682,0.2949587975457098,0.3595263927561642,0.3992121173289893,2.0757103421782377e-06,0.44721055200000004,0.452796812,1.0,0.00097765957116595
nheA_up,424,G,nheA_up_SNP_G_424,163,75,0.49187713053987725,0.5089089982061961,0.34739128154156473,0.34225483414270513,0.0042537835481405994,0.7993525236883062,0.418467555,0.512156582,1.0,1.0
nheA_up,426,G,nheA_up_SNP_G_426,22,217,0.26805108795454546,0.5207928750620494,0.21303148870742344,0.34748225941608324,1.7779961262978377e-08,0.13399658222913727,0.3024518505,0.467404978,8.374361754862815e-06,1.0
nheA_up,428,G,nheA_up_SNP_G_428,225,15,0.4978299860977778,0.4627758082309805,0.34102672090188785,0.4079090943005462,0.0008027307512045578,6.214460936199865e-06,0.44721055200000004,0.339836213,0.37808618381734677,0.0029270111009501365
nheA_up,430,G,nheA_up_SNP_G_430,65,175,0.5221429867538461,0.48579479917979834,0.3198941234112816,0.35428993500236594,0.0851498222605194,0.007148094149323201,0.53136218,0.418467555,1.0,1.0
nheA_up,431,G,nheA_up_SNP_G_431,53,187,0.7021788468301888,0.4371010968634476,0.3831522777431091,0.3102358134730303,0.004954663832699884,2.5678996579208003e-10,0.819207447,0.394594416,1.0,1.209480738880697e-07
nheA_up,436,G,nheA_up_SNP_G_436,192,51,0.520855131294087,0.3979791964117647,0.345490516478431,0.3186558306020815,0.0005466337270024538,0.002700086455222316,0.47016718300000004,0.37086008299999995,0.25746448541815575,1.0
nheA_up,440,G,nheA_up_SNP_G_440,20,225,0.7535252277,0.4749298998865098,0.32046595973466085,0.3365312231785844,0.549288865424719,1.6342954140705182e-09,0.823553486,0.42024106699999997,1.0,7.697531400272141e-07
nheA_up,442,G,nheA_up_SNP_G_442,23,222,0.4545862035652174,0.5021362583174086,0.25386106415619925,0.35152290870294983,0.2704339923296738,4.296530626255286e-08,0.44721055200000004,0.4474935555,1.0,2.02366592496624e-05
nheA_up,450,G,nheA_up_SNP_G_450,23,225,0.48813564182608693,0.5013180477176209,0.3868434703557312,0.3379545037996709,0.2221076866478473,3.2990959258264145e-09,0.42024106699999997,0.454534537,1.0,1.5538741810642412e-06
nheA_up,459,G,nheA_up_SNP_G_459,28,223,0.5419608052857143,0.49691029144154575,0.3941983159260085,0.3362146114302798,0.013068919981043207,3.8054128387967785e-10,0.5952064275,0.452796812,1.0,1.7923494470732827e-07
nheA_up,475,G,nheA_up_SNP_G_475,232,28,0.46722176919596853,0.7436004903928571,0.3265330623485251,0.36310726442977065,0.07035582124022352,6.458353212125211e-11,0.419354311,0.868119208,1.0,3.041884362910974e-08
nheA_up,477,G,nheA_up_SNP_G_477,149,111,0.47267738555033556,0.529615619256439,0.3580112099171813,0.3152725188237771,0.06402987932943306,0.0005014282604261873,0.414999872,0.5391340339999999,1.0,0.23617271066073423
nheA_up,479,G,nheA_up_SNP_G_479,208,52,0.49282687779550344,0.5136206462115385,0.3382743803904578,0.35403074245571264,0.7171872091189833,3.318258985272753e-09,0.4552471905,0.4252952465,1.0,1.5628999820634665e-06
nheA_up,483,G,nheA_up_SNP_G_483,233,27,0.5073752461393335,0.4073271049629629,0.3434692179160975,0.31075993648751754,7.957779979005449e-06,0.00045320404450626794,0.461305702,0.378748274,0.0037481143701115663,0.2134591049624522
nheA_up,486,G,nheA_up_SNP_G_486,196,64,0.47700393722959183,0.5581795701166361,0.33778633263276997,0.345856241285547,0.05234864559090707,0.005567571961168216,0.419354311,0.562112411,1.0,1.0
nheA_up,487,G,nheA_up_SNP_G_487,103,157,0.5641660567766991,0.45291184927684525,0.3838189369528589,0.30278344896702714,0.0003447597079968723,4.3414486897006386e-08,0.5263332700000001,0.431340767,0.16238182246652685,2.0448223328490007e-05
nheA_up,493,G,nheA_up_SNP_G_493,36,223,0.43305584272222225,0.5087271807375099,0.29783978386347987,0.347089718269413,0.1486786651841266,3.31608729339437e-10,0.3797751525,0.467404978,1.0,1.5618771151887484e-07
nheA_up,494,G,nheA_up_SNP_G_494,172,87,0.44548168739534877,0.6024519702352265,0.31351274181513233,0.3699422982412116,0.05266031002629446,6.267616118348329e-06,0.41586267,0.5391340339999999,1.0,0.002952047191742063
nheA_up,496,G,nheA_up_SNP_G_496,129,130,0.5168376312015504,0.47972397859588234,0.36621143641746917,0.31435657824062646,0.2802558027164571,0.2883960322962764,0.42024106699999997,0.46858227750000003,1.0,1.0
nheA_up,499,G,nheA_up_SNP_G_499,119,140,0.5102780078403361,0.4879506336390336,0.3589140124802646,0.3259549741755017,0.12276192643442801,0.005883077065419273,0.42024106699999997,0.47258973950000005,1.0,1.0
nheA_up,500,G,nheA_up_SNP_G_500,52,208,0.5744544587499999,0.47761842466088805,0.31407857949245976,0.3454181411229728,0.1061739702920064,4.972419070698218e-05,0.5878781545,0.41586267,1.0,0.023420093822988607
nheA_up,501,G,nheA_up_SNP_G_501,37,223,0.5621399257297297,0.486175277724057,0.4060637922355515,0.3284214266417222,0.7905909412206104,4.005115336072206e-09,0.513511381,0.44219029899999995,1.0,1.8864093232900091e-06
nheA_up,515,G,nheA_up_SNP_G_515,42,220,0.5580821675714286,0.48709851309756685,0.28756954018631675,0.3510402587986744,0.050228763103865245,3.801741029598364e-11,0.5294045759999999,0.441607347,1.0,1.7906200249408295e-08
nheA_up,518,G,nheA_up_SNP_G_518,15,248,0.2849514354976472,0.5133316918145162,0.2458058300845293,0.3440024416973815,2.0686871446230996e-06,0.00020649909027518527,0.28200572999999995,0.46435534,0.0009743516451174799,0.09726107151961226
nheA_up,520,G,nheA_up_SNP_G_520,110,153,0.4741882187909091,0.5190838368331028,0.3038771468607984,0.3678702570810378,0.3861227942626888,0.0004087833549189109,0.41586267,0.478225052,1.0,0.19253696016680705
nheA_up,617,G,nheA_up_SNP_G_617,118,135,0.44781987899152553,0.5539947420701089,0.3155941444206696,0.3517036021019594,1.2629419813975625e-09,1.2958970359022214e-09,0.4185939325,0.48762433699999996,5.948456732382519e-07,6.103675039099463e-07
nheA_up,623,G,nheA_up_SNP_G_623,31,222,0.3504897721612903,0.5259768151507419,0.2542221873797111,0.34432502588200925,8.153075630960877e-08,0.09593379402469665,0.378748274,0.47016718300000004,3.8400986221825734e-05,1.0
nheA_up,631,G,nheA_up_SNP_G_631,110,74,0.4246132967636364,0.6611851507630366,0.315969190457584,0.37590159512603016,1.4154264343827426e-07,5.034372568045655e-10,0.38018908,0.7285060455,6.666658505942718e-05,2.3711894795495033e-07
nheA_up,632,G,nheA_up_SNP_G_632,43,141,0.566237403,0.5055812444784731,0.3017408343551966,0.37547122466008337,0.0908139128750372,0.006177374724203096,0.583515228,0.42024106699999997,1.0,1.0
nheA_up,640,G,nheA_up_SNP_G_640,125,59,0.49071156908,0.5812918248383849,0.34870484628628334,0.3770092137111924,0.024630050718066752,2.0931293970436592e-07,0.44219029899999995,0.5263332700000001,1.0,9.858639460075635e-05
nheA_up,697,G,nheA_up_SNP_G_697,73,180,0.6302280301159549,0.4534743872333334,0.3729970002995183,0.31075707594654794,0.002912351970514158,2.1252236689254955e-09,0.56503068,0.41586267,1.0,1.0009803480639083e-06
nheA_up,699,G,nheA_up_SNP_G_699,74,179,0.6377875938648648,0.449361753935557,0.37100873583629607,0.30923115886799063,0.015231532085639399,5.5432184338001254e-08,0.5885701755,0.400189738,1.0,2.610855882319859e-05
nheA_up,702,G,nheA_up_SNP_G_702,97,156,0.6044101852680414,0.4423349226247737,0.356304779904837,0.3129253708440987,4.713490019286767e-06,6.889817791837767e-10,0.5391340339999999,0.407594805,0.0022200537990840676,3.2451041799555887e-07
nheA_up,716,G,nheA_up_SNP_G_716,20,242,0.44634416175,0.502786118530846,0.3897952933429082,0.3381019111356156,0.0005009067566241928,3.7675821714561187e-06,0.3533598925,0.4536656745,0.23592708236999482,0.0017745312027558319
nheA_up,730,G,nheA_up_SNP_G_730,40,140,0.287170262525,0.4824422079033194,0.23143346219779723,0.3026190370771842,5.482199559776942e-09,0.02005149748429944,0.3024518505,0.4307344315,2.5821159926549396e-06,1.0
nheA_up,731,G,nheA_up_SNP_G_731,105,75,0.5174948632380952,0.3292234528995294,0.31985991980347533,0.22675574618014313,1.997635768339327e-08,4.863302944597929e-06,0.5293204220000001,0.336287562,9.408864468878231e-06,0.0022906156869056246
nheA_up,742,G,nheA_up_SNP_G_742,199,54,0.477649140153089,0.6033306853703704,0.34658880519631713,0.29141712875769954,0.3528524739481831,4.081084136690618e-05,0.414999872,0.620139472,1.0,0.019221906283812814
nheA_up,743,G,nheA_up_SNP_G_743,113,140,0.5313322842566371,0.4827963412818907,0.30939326431127656,0.36052847908914526,0.0231384659582591,0.00033599161255589094,0.53136218,0.394099169,1.0,0.15825204951382463
nheA_up,749,G,nheA_up_SNP_G_749,148,105,0.480042255584221,0.5389122102285715,0.3485012720448318,0.32327949031087777,0.02478740936440754,4.645093337519491e-05,0.395140129,0.5391340339999999,1.0,0.0218783896197168
nheA_up,752,G,nheA_up_SNP_G_752,224,37,0.5250848432321429,0.3460007160395867,0.3394825410843418,0.3215490443346561,1.7601296556498267e-09,0.5733250335228344,0.476414871,0.339836213,8.290210678110684e-07,1.0
nheA_up,756,G,nheA_up_SNP_G_756,156,105,0.4248730739230769,0.6108650651949019,0.2974377539311765,0.3740055308641497,1.3856544157162414e-09,9.61667878509011e-13,0.38018908,0.574923853,6.526432298023497e-07,4.529455707777442e-10
nheA_up,786,G,nheA_up_SNP_G_786,14,247,0.4286668425714285,0.5037234638925697,0.159672858064367,0.349829618794204,0.20280254146022447,2.8489256465583224e-07,0.3721676135,0.455959844,1.0,0.00013418439795289698
nheA_up,798,G,nheA_up_SNP_G_798,41,220,0.4983836051219511,0.49994228894302134,0.33338111733565673,0.34445396107783116,0.1691711331155492,1.312998078331919e-10,0.420462397,0.4552471905,1.0,6.184220948943338e-08
nheA_up,800,G,nheA_up_SNP_G_800,223,38,0.47268022549327354,0.6582458182227554,0.32572751027470925,0.393422039211154,0.5625729409539773,4.562408341187427e-08,0.430128096,0.7770884585,1.0,2.1488943286992782e-05
nheA_up,801,G,nheA_up_SNP_G_801,109,152,0.585748839825688,0.43798952523989937,0.3696889088788952,0.3075441878568667,0.00030285039502029275,1.2516639502357592e-06,0.5639045069999999,0.38761690400000004,0.14264253605455787,0.0005895337205610426
nheA_up,802,G,nheA_up_SNP_G_802,26,235,0.4216876209615385,0.5083283116275094,0.40713083065937433,0.3337361029881619,0.006333273953977979,6.105618978418039e-07,0.345897742,0.45818593799999996,1.0,0.00028757465388348964
nheA_up,805,G,nheA_up_SNP_G_805,78,183,0.46615820252564094,0.5139928501664738,0.2918060340142897,0.3613327249118514,0.18244217583170896,5.342057075344432e-09,0.405342857,0.467404978,1.0,2.5161088824872275e-06
nheA_up,807,G,nheA_up_SNP_G_807,247,14,0.5006422241012146,0.4830287160331935,0.3380037390652652,0.4171861476871401,0.0018826854654208317,1.465505688103758e-06,0.454534537,0.390941722,0.8867448542132117,0.00069025317909687
nheA_up,808,G,nheA_up_SNP_G_808,216,45,0.47300906101388884,0.6278016488547713,0.3260938610856786,0.38868595846341947,0.0008444160431377031,5.290939087458949e-12,0.441607347,0.6832919150000001,0.39771995631785817,2.4920323101931647e-09
nheA_up,846,G,nheA_up_SNP_G_846,161,100,0.49463300101863356,0.51433840127,0.3394315690162585,0.3505426041230865,0.584654894957432,0.0606070594364414,0.430128096,0.4958682165,1.0,1.0
nheA_up,847,G,nheA_up_SNP_G_847,75,187,0.6577089629066667,0.4381175081336898,0.37548405366431,0.30857047202326204,0.0002920314850432203,1.2990073353618187e-10,0.741801597,0.394594416,0.13754682945535676,6.118324549554166e-08
nheA_up,849,G,nheA_up_SNP_G_849,15,247,0.3958351632666667,0.5073628291093117,0.3926716905298698,0.33951601128161396,4.116919866827329e-05,2.1306734640108382e-05,0.339836213,0.45818593799999996,0.01939069257275672,0.010035472015491048
nheA_up,852,G,nheA_up_SNP_G_852,247,14,0.5027099143643725,0.5123949342142857,0.3348901548729777,0.4560199945170262,0.0014217593550029156,2.2324502029173437e-06,0.454534537,0.439520077,0.6696486562063733,0.001051484045574069
nheA_up,872,G,nheA_up_SNP_G_872,249,14,0.4990109307911646,0.5233435239617649,0.3372956255541853,0.43553166458773496,0.003268164663519062,8.515396274969444e-07,0.452796812,0.439520077,1.0,0.0004010751645510608
nheA_up,878,G,nheA_up_SNP_G_878,250,15,0.5005875425178589,0.5206633229333334,0.3364172915588407,0.4293418252610588,0.0011536597317474532,1.6227567343125608e-06,0.4536656745,0.512156582,0.5433737336530505,0.0007643184218612161
nheA_up,888,G,nheA_up_SNP_G_888,238,25,0.5027234012563024,0.4672023268585883,0.34201606950231134,0.3432117669475795,0.007872233767688858,4.841606967223389e-07,0.4552471905,0.374077817,1.0,0.00022803968815622163
nheA_up,906,G,nheA_up_SNP_G_906,22,242,0.28853396990909086,0.5204954029564658,0.19594274344944287,0.3468470025121099,2.2269082822173267e-08,0.023660970224084456,0.32556056,0.47258973950000005,1.0488738009243609e-05,1.0
nheA_up,36,T,nheA_up_SNP_T_36,6,56,0.37262252316666666,0.46184710442857135,0.4353335505649366,0.27748938296103104,0.0007802932772065901,0.1882444070839201,0.3533598925,0.4177311345,0.3675181335643039,1.0
nheA_up,48,T,nheA_up_SNP_T_48,6,92,0.37262252316666666,0.5560499231521739,0.4353335505649366,0.34513541020974553,0.0002863265904714527,0.8523032429355895,0.3533598925,0.478691957,0.13485982411205422,1.0
nheA_up,54,T,nheA_up_SNP_T_54,11,183,0.4568654976363637,0.49569707701639343,0.2828671745039731,0.3479848599741866,0.5872186595397794,9.034168351054792e-06,0.461305702,0.44219029899999995,1.0,0.004255093293346807
nheA_up,55,T,nheA_up_SNP_T_55,177,22,0.48851818597740115,0.4863974910454546,0.3349874863300507,0.40085741737898417,0.007789010175277806,9.19692754613639e-05,0.44219029899999995,0.466986889,1.0,0.043317528742302394
nheA_up,56,T,nheA_up_SNP_T_56,188,11,0.4911357855106383,0.43953964045454547,0.3413759987496263,0.36441822101139043,0.001262714621482627,7.88872326700105e-05,0.4447004255,0.366883572,0.5947385867183173,0.037155886587574946
nheA_up,60,T,nheA_up_SNP_T_60,164,36,0.4671436097804878,0.5866893395555556,0.32594581031291103,0.39291926997827575,0.6318960360418628,8.49942317913298e-06,0.420351732,0.5776808920000001,1.0,0.0040032283173716335
nheA_up,69,T,nheA_up_SNP_T_69,38,163,0.585740638868421,0.4659437339938651,0.293983519211415,0.34744443038874895,0.1289693500057713,0.0006221086297130913,0.5853859535,0.418467555,1.0,0.293013164594866
nheA_up,72,T,nheA_up_SNP_T_72,67,134,0.477448661641791,0.49416352677611936,0.31194439606818375,0.3548304145271478,0.00496331986895581,1.3503530137348103e-08,0.420462397,0.462795458,1.0,6.360162694690957e-06
nheA_up,74,T,nheA_up_SNP_T_74,53,149,0.6132027604339623,0.44316517770781677,0.35139176509429165,0.3251813916446138,0.0016681973880902433,4.842271403621125e-09,0.612109671,0.414999872,0.7857209697905045,2.28070983110555e-06
nheA_up,76,T,nheA_up_SNP_T_76,16,186,0.40737837243749997,0.4946951818412081,0.311649665320446,0.34206771094149824,0.0011922355793384124,9.317262155437407e-05,0.381284707,0.4552471905,0.5615429578683923,0.043884304752110186
nheA_up,86,T,nheA_up_SNP_T_86,21,181,0.2657350270476191,0.5135410067042249,0.22124324451738542,0.3426161327418781,2.158397850675653e-08,0.690666605695357,0.250959033,0.467404978,1.0166053876682325e-05,1.0
nheA_up,161,T,nheA_up_SNP_T_161,195,12,0.5044414787305883,0.3351704884166667,0.34067663263319997,0.32786101825187824,4.543457521207753e-06,0.004177321637697414,0.45818593799999996,0.3145590705,0.0021399684924888517,1.0
nheA_up,165,T,nheA_up_SNP_T_165,95,112,0.5260417434736843,0.46798364806664916,0.377549410183806,0.30663390388347195,0.2083286272313586,0.15179835149196846,0.467404978,0.436182581,1.0,1.0
nheA_up,175,T,nheA_up_SNP_T_175,34,174,0.5650436368529411,0.48505529149692356,0.27930163862176605,0.3550882849613068,0.022699464315535572,0.0008043233938403819,0.5790824165,0.4229856915,1.0,0.3788363184988199
nheA_up,184,T,nheA_up_SNP_T_184,171,38,0.5103392436752322,0.43750261671052637,0.3518698445178136,0.30275841464366016,0.07193039002536392,3.316305847581397e-05,0.461305702,0.3792848725,1.0,0.015619800542108379
nheA_up,185,T,nheA_up_SNP_T_185,40,169,0.5361804698,0.48784551071872606,0.3153665960591231,0.350538325815294,0.0020584188571304823,0.040628291575258574,0.5672882055,0.425508986,0.9695152817084571,1.0
nheA_up,186,T,nheA_up_SNP_T_186,34,175,0.5650436368529411,0.48389500828836973,0.27930163862176605,0.35440293137891193,0.024204527112053342,0.0006614733318482456,0.5790824165,0.420462397,1.0,0.31155393930052366
nheA_up,188,T,nheA_up_SNP_T_188,125,85,0.44037739894399996,0.5761922119231142,0.33779225756544984,0.338815442093819,0.214788094030674,0.024389522108813743,0.394594416,0.559926806,1.0,1.0
nheA_up,189,T,nheA_up_SNP_T_189,76,134,0.6310420885789473,0.41839040410048284,0.3562880045624644,0.31282712320381706,0.005807948937399463,2.5048623078134387e-05,0.687683012,0.381620101,1.0,0.011797901469801296
nheA_up,190,T,nheA_up_SNP_T_190,165,45,0.5181477478242424,0.41175854423254904,0.3476639898609698,0.3200721765215726,0.0024738919099036236,0.007007081258787683,0.46975957700000004,0.339836213,1.0,1.0
nheA_up,191,T,nheA_up_SNP_T_191,29,181,0.3104747122413793,0.524970973626877,0.25246334294133405,0.34828287705603567,1.1434066722233613e-07,0.365834484582064,0.37086008299999995,0.46975957700000004,5.385445426172032e-05,1.0
nheA_up,196,T,nheA_up_SNP_T_196,131,83,0.5683127350493489,0.3957335088313253,0.38352889509221083,0.24696580800599152,0.03360694117794486,0.15373956042502895,0.561877567,0.36300379299999996,1.0,1.0
nheA_up,201,T,nheA_up_SNP_T_201,192,24,0.470253173247212,0.7707418344166665,0.3322897930382084,0.35037260193311215,0.19261198167473892,3.3752504315942582e-09,0.436182581,0.8348553575,1.0,1.5897429532808957e-06
nheA_up,202,T,nheA_up_SNP_T_202,179,34,0.4834058540975681,0.5647892981176471,0.335679410694706,0.37987590574712804,0.11419609034737942,3.366809177631514e-05,0.44219029899999995,0.5451090495,1.0,0.015857671226644433
nheA_up,210,T,nheA_up_SNP_T_210,193,24,0.48103039523556845,0.6054266146666668,0.33050374447299063,0.43392694151370587,0.06109161368785182,6.325047809102613e-06,0.44219029899999995,0.6232005415,1.0,0.0029790975180873304
nheA_up,211,T,nheA_up_SNP_T_211,182,35,0.5360971860794764,0.27998334760000004,0.3419491035239927,0.27900981614181647,1.2170560349208857e-10,0.019649921123878505,0.47258973950000005,0.28928192799999997,5.732333924477372e-08,1.0
nheA_up,213,T,nheA_up_SNP_T_213,175,41,0.4789223357771428,0.5506899777674318,0.330553035921256,0.3951778590254075,0.06911787696118053,0.00036254735002997995,0.441024395,0.481184949,1.0,0.17075980186412054
nheA_up,214,T,nheA_up_SNP_T_214,77,139,0.423827482837204,0.5306113789280575,0.28845701685197445,0.36701511991016245,0.008265232342605039,3.5725154115394042e-09,0.384491928,0.48762433699999996,1.0,1.6826547588350593e-06
nheA_up,215,T,nheA_up_SNP_T_215,122,94,0.5408677568726616,0.4298279947978724,0.3723678949069197,0.2939899133181461,0.11622140011145743,1.7858164575083888e-05,0.5128339815,0.3792848725,1.0,0.008411195514864512
nheA_up,216,T,nheA_up_SNP_T_216,82,134,0.48655077648780487,0.49621294162287094,0.33534675293610305,0.35057572135173704,0.2986216123799992,0.00013234353855907257,0.419464976,0.462795458,1.0,0.06233380666132318
nheA_up,217,T,nheA_up_SNP_T_217,27,189,0.34960494872091513,0.5129648901269842,0.316798918584779,0.3439198013618095,1.2954638130475525e-07,0.28612322236258625,0.366883572,0.455959844,6.101634559453972e-05,1.0
nheA_up,218,T,nheA_up_SNP_T_218,81,135,0.4342521539506173,0.5275205435515905,0.29181556868776687,0.36875423672847846,0.0053080667024293805,5.6160360113980885e-09,0.394594416,0.481184949,1.0,2.6451529613684996e-06
nheA_up,219,T,nheA_up_SNP_T_219,135,81,0.5273593006627016,0.4345208920987654,0.3689108450514568,0.2915712593962226,0.004472191694280684,4.63709289419695e-09,0.481184949,0.394594416,1.0,2.1840707531667635e-06
nheA_up,223,T,nheA_up_SNP_T_223,50,167,0.7626225541999999,0.41109086264350125,0.35048271881413706,0.2977770662724551,4.9301337362325075e-05,1.6581156599244064e-10,0.8350076470000001,0.378748274,0.02322092989765511,7.809724758243955e-08
nheA_up,224,T,nheA_up_SNP_T_224,50,167,0.7626225541999999,0.41109086264350125,0.35048271881413706,0.2977770662724551,4.9301337362325075e-05,1.6581156599244064e-10,0.8350076470000001,0.378748274,0.02322092989765511,7.809724758243955e-08
nheA_up,226,T,nheA_up_SNP_T_226,160,57,0.42545627175915435,0.6791280401754386,0.30457687856414384,0.378312649442426,0.015673088804610866,1.249072280273597e-07,0.394099169,0.756668148,1.0,5.8831304400886414e-05
nheA_up,228,T,nheA_up_SNP_T_228,11,206,0.30247104690909093,0.5022141759974016,0.214856545065923,0.3468347203569646,1.5263172878879546e-05,0.000601074886812998,0.28200572999999995,0.4552471905,0.0071889544259522665,0.28310627168892205
nheA_up,230,T,nheA_up_SNP_T_230,180,37,0.5356121563414705,0.2803544224324324,0.34122171893627473,0.272501397260038,8.728074982989068e-11,0.008938605690093117,0.47258973950000005,0.28928192799999997,4.110923316987851e-08,1.0
nheA_up,233,T,nheA_up_SNP_T_233,128,89,0.5354421931015625,0.4297382140951091,0.3649123049515581,0.3011936921044368,0.07385075419913673,1.5186794486615327e-06,0.48440464299999997,0.384491928,1.0,0.0007152980203195819
nheA_up,235,T,nheA_up_SNP_T_235,145,72,0.5195966306101015,0.4366915324027778,0.36219130903055136,0.2970434292042066,0.01453415755160176,3.88582707676106e-09,0.47057478900000005,0.405342857,1.0,1.8302245531544593e-06
nheA_up,239,T,nheA_up_SNP_T_239,117,101,0.3879419944273504,0.6175593624402447,0.2951812572811961,0.3572310010586106,0.021419044551397416,0.15841513920456962,0.366883572,0.612109671,1.0,1.0
nheA_up,258,T,nheA_up_SNP_T_258,210,13,0.507867210797451,0.32901606953846146,0.3496120757941916,0.20736758693836646,3.4208913404970526e-06,0.001971862982617938,0.457072891,0.33725143300000004,0.0016112398213741117,0.9287474648130488
nheA_up,261,T,nheA_up_SNP_T_261,94,129,0.42476239676595745,0.5504004486470132,0.31532821197646643,0.35670427372195346,3.627946891579924e-10,6.298133331425854e-09,0.408457603,0.46975957700000004,1.7087629859341442e-07,2.966420799101577e-06
nheA_up,265,T,nheA_up_SNP_T_265,100,123,0.43032690154464703,0.5520051464796748,0.31387876314557533,0.36010390602174575,0.24772847214751903,0.0001105777774498345,0.3704806945,0.512156582,1.0,0.05208213317887205
nheA_up,266,T,nheA_up_SNP_T_266,14,209,0.4763127731428572,0.4988561930500704,0.41416279399520145,0.34035249700827025,0.001439639232764041,1.2559933369568547e-05,0.3533598925,0.452796812,0.6780700786318633,0.005915728617066786
nheA_up,268,T,nheA_up_SNP_T_268,54,169,0.7660212874444444,0.41162232928677334,0.3516746658668873,0.29593098523956507,2.0638704035079497e-05,4.7043573763294146e-11,0.8603416285000001,0.378748274,0.009720829600522443,2.2157523242511544e-08
nheA_up,270,T,nheA_up_SNP_T_270,12,211,0.3958923875833333,0.5032161825614442,0.2298067252131128,0.35004472350217003,0.20132050667617196,2.2604880549991604e-06,0.29031174249999997,0.454534537,1.0,0.0010646898739046045
nheA_up,274,T,nheA_up_SNP_T_274,36,187,0.3094895539444445,0.5336240600506134,0.29996934850685747,0.341925459575639,1.99504138857679e-09,0.4778854046710319,0.270724913,0.47460469000000005,9.39664494019668e-07,1.0
nheA_up,275,T,nheA_up_SNP_T_275,12,211,0.36240943962205896,0.5051204260473934,0.32382841630073006,0.34510111656041076,6.530700303479471e-05,0.00011981017039474911,0.33211053823235387,0.454534537,0.03075959842938831,0.05643059025592683
nheA_up,277,T,nheA_up_SNP_T_277,78,145,0.617212037608522,0.43301230508965516,0.3841647659668584,0.30384162314026547,0.30288731571678074,0.004582802028006789,0.595085594,0.414999872,1.0,1.0
nheA_up,278,T,nheA_up_SNP_T_278,77,146,0.3573633033116883,0.5713174576470186,0.2549978444117599,0.36362028448997513,7.367075918534473e-07,0.12513171001803172,0.364955889,0.569277056,0.0003469892757629737,1.0
nheA_up,279,T,nheA_up_SNP_T_279,12,211,0.5338779851220591,0.4953686604265402,0.419029055490256,0.3407182289328314,0.00927566763592364,3.371598544722712e-06,0.439520077,0.44721055200000004,1.0,0.0015880229145643974
nheA_up,280,T,nheA_up_SNP_T_280,12,211,0.5338779851220591,0.4953686604265402,0.419029055490256,0.3407182289328314,0.00927566763592364,3.371598544722712e-06,0.439520077,0.44721055200000004,1.0,0.0015880229145643974
nheA_up,284,T,nheA_up_SNP_T_284,92,131,0.4060256773963556,0.5616409225267176,0.31333976804947544,0.35249536210104404,1.857898766476595e-11,7.665632666708953e-10,0.36887182749999997,0.513511381,8.750703190104762e-09,3.610512986019917e-07
nheA_up,303,T,nheA_up_SNP_T_303,182,42,0.5109966551868131,0.4358046579634455,0.342912225984791,0.3463840337121998,0.08584434003627228,8.577499980271093e-10,0.46435534,0.3381720672323539,1.0,4.0400024907076846e-07
nheA_up,307,T,nheA_up_SNP_T_307,15,209,0.33297499680000003,0.5086629757247115,0.29980244543079465,0.34483977999367466,9.201730781844714e-07,0.008479103523176048,0.28928192799999997,0.455959844,0.0004334015198248861,1.0
nheA_up,308,T,nheA_up_SNP_T_308,28,196,0.2930029174642857,0.526026046885024,0.24719538760744292,0.3469402503077827,9.185172890658623e-09,0.6895068924124181,0.2688717365,0.47016718300000004,4.326216431500211e-06,1.0
nheA_up,328,T,nheA_up_SNP_T_328,47,178,0.2765952181489361,0.5577934438059815,0.26352922032343884,0.340715600671471,4.608756137109646e-12,2.5268786412005522e-05,0.28200572999999995,0.5271490725000001,2.1707241405786434e-09,0.011901598400054602
nheA_up,345,T,nheA_up_SNP_T_345,137,88,0.5095303460656935,0.482744895903008,0.32827849005413834,0.37027547969662106,0.39496255344598796,0.10252677151297761,0.467404978,0.419354311,1.0,1.0
nheA_up,348,T,nheA_up_SNP_T_348,151,67,0.5650166421589404,0.37761032431343283,0.33931840612086983,0.3185768430301641,3.2404756285213284e-05,0.8792771148282379,0.53136218,0.351959271,0.015262640210335457,1.0
nheA_up,354,T,nheA_up_SNP_T_354,168,60,0.427551431407528,0.7013706183499999,0.30033479858896384,0.38698081890200753,0.04879494172889531,5.390205659040462e-07,0.394099169,0.7982287770000001,1.0,0.0002538786865408058
nheA_up,381,T,nheA_up_SNP_T_381,17,213,0.5519168901764706,0.49662442731204093,0.35151969822145573,0.34570919745579776,0.91952308005216,4.1748997984647705e-08,0.512721051,0.44219029899999995,1.0,1.9663778050769067e-05
nheA_up,387,T,nheA_up_SNP_T_387,205,25,0.4772234069876327,0.6933116687200002,0.33447493021350394,0.38109778473771166,0.8381473586653228,7.324581014642077e-09,0.425508986,0.796299125,1.0,3.4498776578964183e-06
nheA_up,389,T,nheA_up_SNP_T_389,22,208,0.2664095638181818,0.528836908598388,0.21277834848301916,0.34858805227189926,1.648393608093169e-08,0.21139662953211014,0.284395085,0.47258973950000005,7.763933894118825e-06,1.0
nheA_up,390,T,nheA_up_SNP_T_390,97,133,0.6227304607525773,0.41694911804108803,0.35456785855987116,0.31349510566293354,1.5084221001500682e-07,1.232915182436319e-09,0.6756233380000001,0.378748274,7.104668091706821e-05,5.807030509275062e-07
nheA_up,391,T,nheA_up_SNP_T_391,35,195,0.5769924468285713,0.4905864192485369,0.28396282013437957,0.3551618369625983,0.014926764467176916,0.00010145316209304056,0.583515228,0.420462397,1.0,0.047784439345822105
nheA_up,403,T,nheA_up_SNP_T_403,23,209,0.76185568088977,0.4725690075933015,0.34749570291774284,0.33387122374581185,0.10339037391950005,8.26985519087432e-10,0.86987541,0.425508986,1.0,3.8951017949018047e-07
nheA_up,405,T,nheA_up_SNP_T_405,22,210,0.3804057091818182,0.5139079887879272,0.31951107845326865,0.3464629952955828,5.5720897464557065e-06,0.0016938652071740838,0.3748041785,0.458632773,0.0026244542705806378,0.7978105125789935
nheA_up,406,T,nheA_up_SNP_T_406,20,212,0.2819690597732354,0.5219350096792453,0.20415215956435903,0.34968028791574657,1.428382384435099e-07,0.027662444164779587,0.3055846517323539,0.46858227750000003,6.727681030689317e-05,1.0
nheA_up,407,T,nheA_up_SNP_T_407,13,219,0.48826170403574676,0.5020191830821917,0.4324915319547497,0.3403903937454046,0.001736612354371783,6.171041978147578e-06,0.366883572,0.452796812,0.8179444189091098,0.0029065607717075094
nheA_up,408,T,nheA_up_SNP_T_408,13,219,0.48826170403574676,0.5020191830821917,0.4324915319547497,0.3403903937454046,0.001736612354371783,6.171041978147578e-06,0.366883572,0.452796812,0.8179444189091098,0.0029065607717075094
nheA_up,418,T,nheA_up_SNP_T_418,150,77,0.5114621703733333,0.4895534138112299,0.34425501955470755,0.33529568095659323,0.011513663334804419,0.6876797747159222,0.450003682,0.44219029899999995,1.0,1.0
nheA_up,421,T,nheA_up_SNP_T_421,202,26,0.5242484605049504,0.36355850613325796,0.34282325640176164,0.29793594849501276,2.6911730991116983e-06,0.019438083724337057,0.46858227750000003,0.32125206223235386,0.00126754252968161,1.0
nheA_up,422,T,nheA_up_SNP_T_422,75,162,0.45675711452,0.5189074976016339,0.33668015422325354,0.34736327505878273,2.7731060018425164e-06,0.06901409977630707,0.441024395,0.450003682,0.0013061329268678253,1.0
nheA_up,423,T,nheA_up_SNP_T_423,88,150,0.5094563795052808,0.4900799049800001,0.3381094074003331,0.3501469032999544,0.8870747453053283,0.008927217200534705,0.49136568550000004,0.4229856915,1.0,1.0
nheA_up,424,T,nheA_up_SNP_T_424,17,221,0.5150952423214534,0.49587116752941174,0.3888234688590623,0.3423057043140091,0.0013718670223341006,5.820883380837838e-06,0.512156582,0.441024395,0.6461493675193614,0.002741636072374622
nheA_up,425,T,nheA_up_SNP_T_425,206,32,0.47822908394174757,0.619654870358272,0.3358340967673004,0.3825748732920754,0.38811516412133584,1.0075895952283285e-07,0.420351732,0.6899963435,1.0,4.7457469935254274e-05
nheA_up,427,T,nheA_up_SNP_T_427,74,166,0.5962086815945946,0.45080687685219717,0.3992241215353002,0.3085551093394124,0.4674199293875885,0.00014235534085026518,0.591764011,0.4184832675,1.0,0.0670493655404749
nheA_up,429,T,nheA_up_SNP_T_429,211,29,0.5022268343554502,0.4477076533263692,0.3401889143958578,0.3799254725118358,0.01201766692773392,1.7271549993889803e-06,0.44721055200000004,0.366883572,1.0,0.0008134900047122097
nheA_up,430,T,nheA_up_SNP_T_430,152,88,0.48420729970700455,0.5153849368181818,0.3520657475554004,0.3334706163588847,0.8171626566139208,0.0024747937336931803,0.4175965115,0.5124388165,1.0,1.0
nheA_up,432,T,nheA_up_SNP_T_432,145,92,0.5090792066790669,0.4574235843152174,0.3580106456423237,0.3147513607495835,0.041176141911337324,0.7002447229137417,0.452796812,0.4102154025,1.0,1.0
nheA_up,435,T,nheA_up_SNP_T_435,13,227,0.48826170403574676,0.49606159402202643,0.4324915319547497,0.34004449547661586,0.002024616696990568,3.1762873358351193e-06,0.366883572,0.44219029899999995,0.9535944642825576,0.0014960313351783411
nheA_up,436,T,nheA_up_SNP_T_436,39,204,0.3753114259230769,0.5179606794826702,0.3286542833841573,0.34175222320117915,4.9413898851395397e-05,0.0016969176353957794,0.351959271,0.46858227750000003,0.02327394635900723,0.7992482062714121
nheA_up,437,T,nheA_up_SNP_T_437,200,44,0.5334204277873236,0.33173740570454546,0.34932137507532984,0.2639902267023506,2.70220299653335e-09,0.8314192555232257,0.4829246945,0.3659197305,1.272737611367208e-06,1.0
nheA_up,439,T,nheA_up_SNP_T_439,231,14,0.4956876622554113,0.5304201462474791,0.33671771051674515,0.443614283971721,0.00482173751483301,1.4553900406505731e-06,0.44721055200000004,0.439520077,1.0,0.0006854887091464199
nheA_up,457,T,nheA_up_SNP_T_457,232,18,0.5014938239094827,0.5035781410813727,0.3407431404495934,0.3849577751828909,0.11029357911750022,8.761752781993831e-09,0.4552471905,0.386100169,1.0,4.126785560319094e-06
nheA_up,458,T,nheA_up_SNP_T_458,178,72,0.5670093057247191,0.3400460731592321,0.33941286189731457,0.2994806187899682,1.4004344379638716e-09,0.05361269242206377,0.550383133,0.306818293,6.596046202809835e-07,1.0
nheA_up,460,T,nheA_up_SNP_T_460,222,30,0.4795436381192104,0.6787354727,0.32824947784887426,0.3979629937595205,0.8975735138115717,5.407555027236654e-09,0.4307344315,0.7953602715,1.0,2.546958417828464e-06
nheA_up,478,T,nheA_up_SNP_T_478,236,24,0.48800326817796613,0.5853122039360295,0.3357185790789573,0.38361090876168813,0.0011272703875560728,4.5992342540780827e-10,0.4447004255,0.625795997,0.5309443525389103,2.166239333670777e-07
nheA_up,484,T,nheA_up_SNP_T_484,241,19,0.5079765461369294,0.3575745560770899,0.3392028322836202,0.34100462855438995,2.3190028071505934e-06,0.00032558179569743706,0.45818593799999996,0.336287562,0.0010922503221679296,0.15334902577349285
nheA_up,492,T,nheA_up_SNP_T_492,220,39,0.4938665903384759,0.5227056863589744,0.353044067573264,0.26735709480556025,0.4517126150729821,4.0901079981625864e-10,0.450003682,0.513511381,1.0,1.9264408671345782e-07
nheA_up,493,T,nheA_up_SNP_T_493,196,63,0.5233041583469388,0.4201358191502334,0.34586834298379154,0.31577974307913126,0.6945188333853249,5.173444615553459e-08,0.49155859399999996,0.36300379299999996,1.0,2.436692413925679e-05
nheA_up,494,T,nheA_up_SNP_T_494,61,198,0.6629725993682739,0.4474487024292929,0.4095415477830135,0.30015796038017656,0.24909009957775197,1.411926077329277e-07,0.796299125,0.41586267,1.0,6.650171824220895e-05
nheA_up,495,T,nheA_up_SNP_T_495,27,232,0.445684983646841,0.5043218839827586,0.39363063536200715,0.3345700826424735,0.027139460357504155,1.843078595505972e-07,0.351959271,0.457072891,1.0,8.680900184833128e-05
nheA_up,496,T,nheA_up_SNP_T_496,75,184,0.4648925741395295,0.5117892857717391,0.312697566469838,0.35190030869864436,0.8460229584976602,2.163837875721591e-06,0.452796812,0.448362418,1.0,0.0010191676394648694
nheA_up,497,T,nheA_up_SNP_T_497,21,238,0.4582070257364147,0.5017387567310925,0.3908266118681913,0.33676580166913256,0.22033323843926123,5.04440457494701e-09,0.351959271,0.4552471905,1.0,2.3759145548000417e-06
nheA_up,503,T,nheA_up_SNP_T_503,228,32,0.5126799282236842,0.3851637671707721,0.34606921054320766,0.2836392268216723,7.895644761890606e-07,0.007444725102725541,0.46858227750000003,0.3748041785,0.00037188486828504755,1.0
nheA_up,509,T,nheA_up_SNP_T_509,120,142,0.43206122902499994,0.5546040594117233,0.2803517354800469,0.3785914120768389,0.0011378393762475334,0.04745940823953557,0.41586267,0.5128339815,0.5359223462125883,1.0
nheA_up,510,T,nheA_up_SNP_T_510,235,27,0.5088036698297873,0.4086022781283226,0.33979031600236625,0.35411471152797325,0.019256584135180544,1.9342731403149965e-07,0.461305702,0.28928192799999997,1.0,9.110426490883634e-05
nheA_up,519,T,nheA_up_SNP_T_519,188,75,0.4841604366673654,0.5407782534533334,0.3369090943404986,0.3555367997995317,0.23128743580690647,0.0028127921155341805,0.4175965115,0.564298016,1.0,1.0
nheA_up,520,T,nheA_up_SNP_T_520,65,198,0.47370226214561095,0.5090398185,0.32946329298171345,0.3472488713953213,9.449700709274642e-07,0.6340062961225388,0.47057478900000005,0.4392756595,0.00044508090340683565,1.0
nheA_up,521,T,nheA_up_SNP_T_521,219,44,0.4753521905479452,0.6245091221014707,0.346250772306183,0.2985129842747473,0.33804647289877354,5.232480830259929e-07,0.416725468,0.620139472,1.0,0.00024644984710524265
nheA_up,617,T,nheA_up_SNP_T_617,49,204,0.3980632982448979,0.5300339916003172,0.244997483786182,0.35377632116703467,0.7002504556816037,1.3543075107578002e-08,0.384491928,0.4778948195,1.0,6.378788375669239e-06
nheA_up,618,T,nheA_up_SNP_T_618,14,239,0.5896179626428572,0.49948696411491517,0.3088202623788351,0.34055597290968215,0.6252914717677989,2.0114507769616677e-08,0.557316341,0.454534537,1.0,9.473933159489454e-06
nheA_up,632,T,nheA_up_SNP_T_632,138,46,0.49444221885119355,0.5956986434565217,0.37174681993431935,0.31240771360465236,0.4993187465191493,0.000772963945771059,0.4175965115,0.597316657,1.0,0.36406601845816877
nheA_up,633,T,nheA_up_SNP_T_633,111,73,0.4380301347027027,0.6440249157323934,0.32430255857517354,0.3769279658357897,7.265319939967063e-06,1.2265737145962135e-08,0.39360392200000005,0.703856724,0.0034219656917244866,5.777162195748165e-06
nheA_up,691,T,nheA_up_SNP_T_691,209,44,0.49317692984911343,0.5581376718636364,0.34330432048933857,0.3153558888866798,0.09583498631877412,1.6396915958116344e-10,0.44721055200000004,0.5294045759999999,1.0,7.722947416272798e-08
nheA_up,698,T,nheA_up_SNP_T_698,240,13,0.5032387804352696,0.5272868150769232,0.3418951985094239,0.290907969421682,0.10847944143281299,3.062489773381293e-08,0.4552471905,0.452796812,1.0,1.4424326832625892e-05
nheA_up,726,T,nheA_up_SNP_T_726,207,52,0.48312503994685996,0.5296213727012444,0.34279906402299737,0.32597443814467864,0.0008645881372700867,0.026443087081787584,0.418467555,0.562112411,0.40722101265421085,1.0
nheA_up,731,T,nheA_up_SNP_T_731,72,108,0.3285248703258987,0.5127308235555555,0.22570071753681425,0.31937620668623196,2.3413383378451693e-08,1.4795301041448988e-05,0.3367694975,0.5214159015000001,1.1027703571250747e-05,0.006968586790522474
nheA_up,741,T,nheA_up_SNP_T_741,184,69,0.4505443413503517,0.6482880737971014,0.3097908122891139,0.3718474104343965,0.002546703627799727,9.32339188271128e-10,0.407594805,0.703856724,1.0,4.3913175767570127e-07
nheA_up,752,T,nheA_up_SNP_T_752,30,231,0.29946111659999997,0.525702155322358,0.27015816960266104,0.34258382418886074,2.5036206324082325e-10,0.8541892777948953,0.328977737,0.47460469000000005,1.1792053178642775e-07,1.0
nheA_up,797,T,nheA_up_SNP_T_797,23,238,0.38328990134782615,0.5109469060775828,0.20690582026934962,0.3510680385276013,0.2554396293808995,4.59077992697194e-08,0.37025741,0.45974581999999997,1.0,2.1622573456037838e-05
nheA_up,799,T,nheA_up_SNP_T_799,221,40,0.48405414686877823,0.5861266229866178,0.34977332337771716,0.28588881036519337,0.030683315052906654,1.1292875334389261e-05,0.42024106699999997,0.5790824165,1.0,0.005318944282497342
nheA_up,804,T,nheA_up_SNP_T_804,27,234,0.4802977836296296,0.5019358599122423,0.2947736537996341,0.3477781619454189,0.49391963088513224,7.491795231095143e-09,0.461305702,0.4474935555,1.0,3.5286355538458125e-06
nheA_up,808,T,nheA_up_SNP_T_808,15,246,0.8093404636666666,0.4808167659449785,0.3558114962984533,0.3327314843379297,0.5169045133282409,2.017628425820319e-09,0.871082687,0.436182581,1.0,9.503029885613702e-07
nheA_up,815,T,nheA_up_SNP_T_815,50,212,0.5292301563799999,0.49122460424747505,0.29779230540345997,0.3520085809364423,0.0011926944159724162,0.005312152948991633,0.5595856295,0.420351732,0.5617590699230081,1.0
nheA_up,818,T,nheA_up_SNP_T_818,246,16,0.496621502697011,0.5270146410000001,0.33867282568904467,0.39776556594806,0.0005574761823518194,3.185261208907504e-06,0.4447004255,0.5128339815,0.26257128188770695,0.0015002580293954344
nheA_up,822,T,nheA_up_SNP_T_822,244,18,0.5147720865674783,0.2775963776111111,0.3396460607607618,0.3046580295505413,1.9768343825947682e-08,0.026953724717383387,0.46435534,0.2674976765,9.310889942021359e-06,1.0
nheA_up,832,T,nheA_up_SNP_T_832,29,233,0.6205186432413793,0.48328791101057816,0.40885533717933864,0.3303527592515954,0.04782335699375603,3.44434418320144e-07,0.734244501,0.425508986,1.0,0.00016222861102878783
nheA_up,833,T,nheA_up_SNP_T_833,21,241,0.5892912119523811,0.4905643504915548,0.40359070343465725,0.33565755603189185,0.026549873872621393,1.5947270056280065e-07,0.734244501,0.441024395,1.0,7.511164196507911e-05
nheA_up,842,T,nheA_up_SNP_T_842,222,39,0.5073523387882883,0.4734769814358974,0.34385470350406944,0.34180498279535615,0.07804559727959301,1.183789973191288e-10,0.46435534,0.37025741,1.0,5.575650773730967e-08
nheA_up,843,T,nheA_up_SNP_T_843,209,49,0.5532986355023924,0.25315259993877554,0.3404243087814395,0.2136619522171022,2.8046448851690973e-13,0.00010267273005999557,0.5293204220000001,0.250959033,1.3209877409146448e-10,0.04835885585825791
nheA_up,845,T,nheA_up_SNP_T_845,203,58,0.48891681450246305,0.5486144818448276,0.3547495995016858,0.2980864172747614,0.17516341837824045,4.106752206447389e-05,0.42024106699999997,0.5595856295,1.0,0.019342802892367204
nheA_up,846,T,nheA_up_SNP_T_846,57,204,0.5027486645964913,0.5020248990637255,0.31915105922266035,0.3504583109077233,6.837687843823208e-05,0.17295775186219475,0.53136218,0.4307344315,0.03220550974440731,1.0
nheA_up,847,T,nheA_up_SNP_T_847,176,86,0.44204196748295455,0.621590232116279,0.30153578340288545,0.39022558502553906,0.02278172510990405,1.221792488815261e-06,0.39793779,0.6579831975,1.0,0.0005754642622319879
nheA_up,849,T,nheA_up_SNP_T_849,32,230,0.47557057365625,0.5045125560086957,0.27671170393300765,0.35193241115559104,0.3638212257741261,9.070841381747042e-09,0.454258127,0.4536656745,1.0,4.272366290802857e-06
nheA_up,858,T,nheA_up_SNP_T_858,237,26,0.5089310251369819,0.4216876209615385,0.33441060780342285,0.40713083065937433,0.006297029906538041,5.257912610555281e-07,0.45818593799999996,0.345897742,1.0,0.0002476476839571537
nheA_up,878,T,nheA_up_SNP_T_878,14,251,0.5114820874285714,0.5011796264918912,0.4429861394030246,0.3358769598419697,0.0006891960578543474,2.3477082322912296e-06,0.439520077,0.454534537,0.3246113432493976,0.0011057705774091691
nheA_up,879,T,nheA_up_SNP_T_879,250,15,0.499904227888,0.5320519000976472,0.33691950458986447,0.4220233131912602,0.0033341409960679306,7.691368440629553e-07,0.4536656745,0.512156582,1.0,0.0003622634535536519
nheA_up,35,A,nheA_up_SNP_A_35,56,6,0.46184710442857135,0.37262252316666666,0.27748938296103104,0.4353335505649366,0.0007802932772065872,0.18824440708391976,0.4177311345,0.3533598925,0.3675181335643026,1.0
nheA_up,36,A,nheA_up_SNP_A_36,56,6,0.46184710442857135,0.37262252316666666,0.27748938296103104,0.4353335505649366,0.0007802932772065872,0.18824440708391976,0.4177311345,0.3533598925,0.3675181335643026,1.0
nheA_up,37,A,nheA_up_SNP_A_37,57,6,0.45490062200000003,0.37262252316666666,0.2799136952772198,0.4353335505649366,0.0007057122275598119,0.3814027449374209,0.414999872,0.3533598925,0.3323904591806714,1.0
nheA_up,45,A,nheA_up_SNP_A_45,11,6,0.7426286036363635,0.37262252316666666,0.23515657499849724,0.4353335505649366,0.04718769048743444,0.0708041938001625,0.7971885519999999,0.3533598925,1.0,1.0
nheA_up,46,A,nheA_up_SNP_A_46,24,39,0.5760558942083334,0.3676853623589744,0.34680091273665997,0.23250666271765286,0.6505513778979128,0.6274698900381084,0.5455467345,0.333001859,1.0,1.0
nheA_up,48,A,nheA_up_SNP_A_48,92,6,0.5560499231521739,0.37262252316666666,0.34513541020974553,0.4353335505649366,0.00028632659047145417,0.8523032429355895,0.478691957,0.3533598925,0.1348598241120549,1.0
nheA_up,53,A,nheA_up_SNP_A_53,12,136,0.7417557095833334,0.5074925621911764,0.3909547058609322,0.32810862020865283,0.7899871146938252,2.5779531892263308e-05,0.8344120975,0.46435534,1.0,0.012142159521256019
nheA_up,54,A,nheA_up_SNP_A_54,123,71,0.4875472319674797,0.5037996624788731,0.3618414027666522,0.31263802771856386,0.0005294717057866332,1.6943418701502833e-08,0.44219029899999995,0.452796812,0.24938117342550425,7.980350208407834e-06
nheA_up,55,A,nheA_up_SNP_A_55,21,178,0.5150386764761905,0.48512725570224713,0.38767438676100435,0.3370777414928959,0.031213043780732714,2.1163753385212296e-05,0.513511381,0.441607347,1.0,0.009968127844434991
nheA_up,60,A,nheA_up_SNP_A_60,11,189,0.39778957681818183,0.49395070308465605,0.2858230488115426,0.3443301950031967,0.10579387113466404,1.5386304889191152e-05,0.44721055200000004,0.44219029899999995,1.0,0.007246949602809033
nheA_up,68,A,nheA_up_SNP_A_68,27,173,0.29721696044444446,0.5185405219421965,0.2942365294210054,0.33934374710370413,5.2059087263794484e-09,0.4741812264971098,0.254665386,0.46975957700000004,2.45198301012472e-06,1.0
nheA_up,73,A,nheA_up_SNP_A_73,157,44,0.41806440426751595,0.7402468510909089,0.30227430708213815,0.3532608810040364,0.0008305413773010762,2.9386869090487576e-09,0.394594416,0.799392045,0.3911849887088069,1.3841215341619648e-06
nheA_up,76,A,nheA_up_SNP_A_76,186,16,0.4946951818412081,0.40737837243749997,0.34206771094149824,0.311649665320446,0.0011922355793384124,9.317262155437432e-05,0.4552471905,0.381284707,0.5615429578683923,0.043884304752110304
nheA_up,80,A,nheA_up_SNP_A_80,52,151,0.7059594449807692,0.4158998266587067,0.3789831948610712,0.2928257138946376,0.01638558824733024,4.670886772020628e-07,0.7982287770000001,0.394594416,1.0,0.00021999876696217156
nheA_up,83,A,nheA_up_SNP_A_83,190,11,0.4912221768842106,0.4431599372727273,0.3446078009063048,0.2723702652257684,0.2817778837087461,8.92673451361601e-06,0.441607347,0.461305702,1.0,0.004204491955913141
nheA_up,166,A,nheA_up_SNP_A_166,45,162,0.381888083,0.5259454967806463,0.33951304693535994,0.33635358090146344,0.014572436685396145,0.0005628179168554038,0.333001859,0.4778948195,1.0,0.26508723883889523
nheA_up,175,A,nheA_up_SNP_A_175,174,34,0.48505529149692356,0.5650436368529411,0.3550882849613068,0.27930163862176605,0.022699464315535572,0.0008043233938403819,0.4229856915,0.5790824165,1.0,0.3788363184988199
nheA_up,185,A,nheA_up_SNP_A_185,19,190,0.25651369063157897,0.5211544735866563,0.2565292192842288,0.34305142578836884,3.118829321003238e-08,0.44307113354599637,0.37086008299999995,0.46435534,1.4689686101925251e-05,1.0
nheA_up,186,A,nheA_up_SNP_A_186,70,139,0.4933305312571428,0.4989926109026238,0.3001155536771038,0.3649548630381163,0.008017693445854995,2.1396237905588412e-08,0.457051257,0.44219029899999995,1.0,1.0077628053532142e-05
nheA_up,187,A,nheA_up_SNP_A_187,68,142,0.48625973517647064,0.49970317527792046,0.30819324750090166,0.3608158445925204,0.014983057777592618,0.5396948193874795,0.4490750715,0.450003682,1.0,1.0
nheA_up,188,A,nheA_up_SNP_A_188,38,172,0.540893237643808,0.48528819680813945,0.27724790327875043,0.3571260458618865,0.03895726249627979,0.0005983413236089178,0.5619156565,0.4229856915,1.0,0.2818187634198003
nheA_up,190,A,nheA_up_SNP_A_190,17,193,0.4183307719096887,0.5021341438290156,0.3208181817631358,0.34591941334713416,0.0031914106097561835,3.101419847017656e-05,0.366883572,0.455959844,1.0,0.014607687479453159
nheA_up,191,A,nheA_up_SNP_A_191,144,66,0.548139638829616,0.38017280136363635,0.3435963686798156,0.3180578718471941,0.0009485130817680395,0.3010287528440493,0.513116216,0.361409677,0.4467496615127466,1.0
nheA_up,195,A,nheA_up_SNP_A_195,131,79,0.541835444621868,0.41826670425316465,0.3543399801236882,0.3132807153598743,0.8988321862742168,0.000190725919177192,0.513511381,0.364955889,1.0,0.08983190793245743
nheA_up,196,A,nheA_up_SNP_A_196,59,155,0.38770825345762705,0.54464556497074,0.2527614022098668,0.3682833612655497,0.0036194618472760558,0.01826554399654364,0.35593256900000003,0.5293204220000001,1.0,1.0
nheA_up,203,A,nheA_up_SNP_A_203,126,88,0.49910218032908504,0.4873250790681819,0.35221297106213373,0.3343196435088722,0.0044591615138347635,3.293470269049767e-07,0.457072891,0.4307344315,1.0,0.00015512244967224402
nheA_up,204,A,nheA_up_SNP_A_204,179,36,0.5411382770167598,0.2525685951517974,0.343423390479442,0.23345405414622372,1.4266287213035281e-10,0.021811808435493036,0.512721051,0.24535109300000002,6.719421277339618e-08,1.0
nheA_up,211,A,nheA_up_SNP_A_211,35,182,0.27998334760000004,0.5360971860794764,0.27900981614181647,0.3419491035239927,1.217056034920895e-10,0.019649921123878505,0.28928192799999997,0.47258973950000005,5.7323339244774154e-08,1.0
nheA_up,213,A,nheA_up_SNP_A_213,27,189,0.4046582329431373,0.5051001352380952,0.34088389784479384,0.34364614052154413,4.950850430754412e-05,0.004012309676613885,0.378748274,0.454534537,0.02331850552885328,1.0
nheA_up,214,A,nheA_up_SNP_A_214,137,79,0.5321380493503648,0.42388335555018625,0.3670290408661441,0.2901939871170608,0.007487185911462612,4.334841785765237e-09,0.48762433699999996,0.384491928,1.0,2.041710481095427e-06
nheA_up,215,A,nheA_up_SNP_A_215,47,169,0.3683665234680851,0.5270797115175426,0.23367219772043607,0.3624592930846218,0.023381922136375324,0.00010374115937194325,0.333001859,0.48762433699999996,1.0,0.04886208606418527
nheA_up,217,A,nheA_up_SNP_A_217,83,133,0.42658210983132533,0.5337096446125166,0.33107230168819,0.3469659772918405,0.8410699086952378,0.00026722187804489525,0.35593256900000003,0.48762433699999996,1.0,0.12586150455914566
nheA_up,218,A,nheA_up_SNP_A_218,21,195,0.49062217090476196,0.49275196031007545,0.29425480157674205,0.3499224604404801,0.0010285902371371905,0.00013729077021551187,0.47057478900000005,0.441024395,0.48446600169161674,0.06466395277150609
nheA_up,221,A,nheA_up_SNP_A_221,128,88,0.4942088376755055,0.49012462076136365,0.37010429098278147,0.30453684958569976,0.5281942346475631,0.22160231662578722,0.420351732,0.4659402455,1.0,1.0
nheA_up,223,A,nheA_up_SNP_A_223,11,206,0.3976960117272727,0.4971293477789549,0.24430096530207454,0.3479851467574393,0.9595164780891452,7.279489235989631e-06,0.425508986,0.4447004255,1.0,0.0034286394301511164
nheA_up,224,A,nheA_up_SNP_A_224,150,67,0.41778487268309805,0.6584413562537313,0.2982206322543137,0.3801503123524153,0.002299299932387026,1.70302952275156e-07,0.389047925,0.756668148,1.0,8.021269052159848e-05
nheA_up,225,A,nheA_up_SNP_A_225,55,162,0.39465542242663093,0.5251682317160493,0.34089636886754454,0.338971617533596,0.021238165577255098,0.0013190737453783318,0.32438486346470774,0.475879869,1.0,0.6212837340731943
nheA_up,226,A,nheA_up_SNP_A_226,30,187,0.7148637331666666,0.4563496779490091,0.33401672303576035,0.3321484378073176,0.024334736262885643,1.531665284840799e-09,0.7492348725,0.416725468,1.0,7.214143491600163e-07
nheA_up,228,A,nheA_up_SNP_A_228,205,12,0.5011822403973889,0.3367452075,0.3473640126134097,0.23502827341446655,3.9827574762360864e-05,0.00029839165629700715,0.454534537,0.3096285815,0.01875878771307197,0.14054247011589036
nheA_up,229,A,nheA_up_SNP_A_229,31,186,0.2769936421935484,0.527938165932606,0.2901256524822824,0.33937327192034183,4.671260272257112e-10,0.12883980487362592,0.339836213,0.46858227750000003,2.2001635882330997e-07,1.0
nheA_up,233,A,nheA_up_SNP_A_233,62,155,0.4545665824354839,0.5070978945836433,0.3127014174836954,0.35487705992766994,0.019378568912822365,2.1267230202679495e-09,0.4251845815,0.455959844,1.0,1.0016865425462043e-06
nheA_up,234,A,nheA_up_SNP_A_234,17,200,0.35936219152941173,0.5033707225773236,0.1767001017629198,0.3524863599100131,0.22443434249797678,2.0550180048517466e-06,0.28738809,0.4552471905,1.0,0.0009679134802851727
nheA_up,235,A,nheA_up_SNP_A_235,15,202,0.3973472988666666,0.4991242192498253,0.2090289354520338,0.3511298364839339,0.22095491801980383,2.2555738693264334e-06,0.395685842,0.4536656745,1.0,0.0010623752924527501
nheA_up,247,A,nheA_up_SNP_A_247,202,18,0.5081087464752475,0.32980579608137267,0.3467247346754276,0.2555856344898465,1.4540934132111202e-05,0.0011316377828053544,0.45974581999999997,0.29427587499999996,0.006848779976224376,0.5330013957013219
nheA_up,251,A,nheA_up_SNP_A_251,174,45,0.431087524514165,0.724129659311111,0.3165179223653309,0.34143236135221045,0.0009623831234172099,3.3966073417196497e-10,0.389047925,0.797508769,0.4532824511295058,1.5998020579499551e-07
nheA_up,253,A,nheA_up_SNP_A_253,68,151,0.6500911903970588,0.41979379461897154,0.387870453226559,0.2937687304595335,0.13720464506486396,0.0002028158479975797,0.762275582,0.394594416,1.0,0.09552626440686003
nheA_up,266,A,nheA_up_SNP_A_266,19,204,0.6911813027894738,0.47939646283561127,0.36416096158731504,0.3380986146433986,0.7556108087871902,1.1249273484094706e-08,0.794421418,0.4229856915,1.0,5.298407811008606e-06
nheA_up,267,A,nheA_up_SNP_A_267,176,47,0.48864003049127674,0.5303974001063829,0.3572007460166879,0.2952706873469693,0.0046289615321521505,0.017713470394156626,0.419354311,0.559244453,1.0,1.0
nheA_up,268,A,nheA_up_SNP_A_268,89,134,0.43336291156179774,0.5400001794213783,0.3001746578953238,0.36641819080484167,0.2002210652931804,3.2472093791928472e-06,0.394594416,0.48440464299999997,1.0,0.001529435617599831
nheA_up,269,A,nheA_up_SNP_A_269,200,23,0.52534573113,0.2547903019767265,0.3471797135042459,0.20871362982353953,3.173287892839591e-08,0.2544915674756514,0.47016718300000004,0.21740737300000001,1.4946185975274474e-05,1.0
nheA_up,270,A,nheA_up_SNP_A_270,211,12,0.5032161825614442,0.3958923875833333,0.35004472350217003,0.2298067252131128,0.2013205066761723,2.2604880549991476e-06,0.454534537,0.29031174249999997,1.0,0.0010646898739045986
nheA_up,274,A,nheA_up_SNP_A_274,17,206,0.49650265276470584,0.4975183401673044,0.27116817209555616,0.3509249865259295,0.6400356272931527,1.1547532912453044e-07,0.430128096,0.450003682,1.0,5.4388880017653836e-05
nheA_up,275,A,nheA_up_SNP_A_275,211,12,0.5051204260473934,0.36240943962205896,0.34510111656041076,0.32382841630073006,6.53070030347944e-05,0.00011981017039474978,0.454534537,0.33211053823235387,0.03075959842938816,0.05643059025592714
nheA_up,277,A,nheA_up_SNP_A_277,34,189,0.5650436368529411,0.4852795741717709,0.27930163862176605,0.3547334168180409,0.014309837762346688,0.00014688660731975193,0.5790824165,0.42024106699999997,1.0,0.06918359204760316
nheA_up,278,A,nheA_up_SNP_A_278,22,201,0.3078127923636363,0.5181962275595259,0.28863784815596344,0.34488502112185143,9.125640666810091e-05,0.0001444458768274555,0.285469763,0.467404978,0.04298176754067553,0.06803400798573153
nheA_up,280,A,nheA_up_SNP_A_280,46,177,0.49388603719565205,0.4983647766127949,0.28869177345580826,0.3587810098384386,0.00019341206349511193,0.12303925887779141,0.47258973950000005,0.430128096,0.09109708190619772,1.0
nheA_up,284,A,nheA_up_SNP_A_284,130,93,0.5645759100692308,0.4035962888437066,0.3522503634679947,0.3125205101999931,1.1586685975220553e-11,3.6077384898182656e-10,0.5165932495000001,0.366883572,5.457329094328881e-09,1.6992448287044031e-07
nheA_up,291,A,nheA_up_SNP_A_291,24,199,0.4455064777916667,0.5037043603239434,0.31525893547780465,0.3484406500801407,0.003389982694481672,1.387609027658911e-05,0.3792848725,0.454534537,1.0,0.006535638520273471
nheA_up,292,A,nheA_up_SNP_A_292,139,84,0.5653940049712229,0.38499472000553225,0.3584266543242845,0.28985589676669243,6.934913126700056e-11,1.6608146266521994e-07,0.513511381,0.36754822299999995,3.266344082675726e-08,7.82243689153186e-05
nheA_up,293,A,nheA_up_SNP_A_293,178,45,0.4965767303509253,0.5008592259777778,0.3585617574445596,0.2880247189970966,0.0002849958472117676,0.08423261735551489,0.427818541,0.47460469000000005,0.13423304403674255,1.0
nheA_up,298,A,nheA_up_SNP_A_298,47,176,0.45766597487234045,0.5080626270026404,0.30274224331766947,0.3552905758819105,0.2715672367415345,2.4151052229352756e-06,0.430128096,0.4552471905,1.0,0.001137514560002515
nheA_up,304,A,nheA_up_SNP_A_304,12,212,0.5557839697500001,0.4935649964220034,0.41434965539674445,0.340152186651526,0.005382060858270738,4.652030428390015e-06,0.5497066305,0.441607347,1.0,0.002191106331771697
nheA_up,306,A,nheA_up_SNP_A_306,145,79,0.5561013601480325,0.3882340462911392,0.357233685568348,0.29096043825557827,1.2993493476541152e-11,5.223264244534953e-08,0.512156582,0.37086008299999995,6.1199354274508824e-09,2.4601574591759627e-05
nheA_up,307,A,nheA_up_SNP_A_307,166,58,0.5385162264096386,0.37778436714594327,0.34923265900858536,0.30163270538131953,3.0672090270279083e-07,0.5140930172687715,0.4811145135,0.36887182749999997,0.0001444655451730145,1.0
nheA_up,313,A,nheA_up_SNP_A_313,207,17,0.48859236594910493,0.5980333604117647,0.3370894186198913,0.41472284594108605,0.04911794436452658,7.364283641937149e-07,0.441024395,0.734244501,1.0,0.0003468577595352397
nheA_up,345,A,nheA_up_SNP_A_345,82,143,0.5062085388349354,0.4949518046573428,0.3672300713668382,0.3324278403124101,0.7291547709131394,0.000973928735915861,0.420351732,0.455959844,1.0,0.4587204346163705
nheA_up,351,A,nheA_up_SNP_A_351,199,29,0.5329844038566066,0.2705855589655172,0.34997880881732313,0.21467440936076343,8.44333589393046e-10,0.6582263574033069,0.47460469000000005,0.28678444000000003,3.9768112060412463e-07,1.0
nheA_up,387,A,nheA_up_SNP_A_387,24,206,0.7146957989999999,0.4757810241478869,0.37397189185823027,0.33430061291208707,0.646243962043104,4.559053613359337e-09,0.823553486,0.4229856915,1.0,2.1473142518922475e-06
nheA_up,389,A,nheA_up_SNP_A_389,195,35,0.5315419222358975,0.348811787327563,0.34209287764854235,0.33079394547776975,1.2720187740378565e-08,0.6939828069528163,0.47460469000000005,0.339836213,5.991208425718304e-06,1.0
nheA_up,390,A,nheA_up_SNP_A_390,39,191,0.3385050588067874,0.5374732465916231,0.32462527246484896,0.34130198706918924,1.1249307961809408e-09,0.436821983335974,0.339836213,0.48762433699999996,5.298424050012231e-07,1.0
nheA_up,391,A,nheA_up_SNP_A_391,195,35,0.4905864192485369,0.5769924468285713,0.3551618369625983,0.28396282013437957,0.014926764467176964,0.00010145316209304086,0.420462397,0.583515228,1.0,0.047784439345822244
nheA_up,393,A,nheA_up_SNP_A_393,31,199,0.278521981516129,0.5388186229420338,0.2186710357392846,0.34974100882871256,2.7158805907282534e-09,0.8359404841568567,0.33032877699999996,0.48762433699999996,1.2791797582330073e-06,1.0
nheA_up,406,A,nheA_up_SNP_A_406,159,73,0.5386894833018868,0.419698293184448,0.36457096892159196,0.2859052063504853,0.0022090782641669988,0.1893850147853886,0.47460469000000005,0.395685842,1.0,1.0
nheA_up,407,A,nheA_up_SNP_A_407,218,14,0.5044663838119267,0.45113796974747916,0.3392426395744495,0.4377265346251694,0.0011096917832118893,8.381827719529432e-06,0.4536656745,0.3533598925,0.5226648298927998,0.003947840855898363
nheA_up,408,A,nheA_up_SNP_A_408,219,13,0.5020191830821917,0.48826170403574676,0.3403903937454046,0.4324915319547497,0.001736612354371783,6.1710419781475535e-06,0.452796812,0.366883572,0.8179444189091098,0.0029065607717074977
nheA_up,418,A,nheA_up_SNP_A_418,16,211,0.501641293875,0.5042117427367996,0.4024237288059522,0.33632048784038077,0.26231665972970153,3.669951413566088e-08,0.386100169,0.452796812,1.0,1.7285471157896272e-05
nheA_up,422,A,nheA_up_SNP_A_422,135,102,0.5297940267367756,0.45880004500980404,0.3500859044019014,0.3344325206011888,0.00915675841236745,0.25188040330971295,0.45818593799999996,0.4228750265,1.0,1.0
nheA_up,424,A,nheA_up_SNP_A_424,52,186,0.515369159923077,0.4921771549863694,0.3210231729141789,0.352338339415323,0.0013253992305831558,0.042187306171500856,0.502983435,0.420351732,0.6242630376046664,1.0
nheA_up,426,A,nheA_up_SNP_A_426,204,35,0.522865939882353,0.3498436024989916,0.3412431169476061,0.3306402413566648,1.4823179823870529e-08,0.48872356481756274,0.46858227750000003,0.339836213,6.981717697043019e-06,1.0
nheA_up,428,A,nheA_up_SNP_A_428,13,227,0.48454869223076924,0.4962742334646022,0.434086760889731,0.33992196056440577,0.0008531373943891548,5.785805460679054e-06,0.366883572,0.44219029899999995,0.4018277127572919,0.0027251143719798344
nheA_up,429,A,nheA_up_SNP_A_429,18,222,0.5035781410813727,0.49499539394594605,0.3849577751828909,0.3423011789737154,0.1039524318942695,1.0118596727561946e-08,0.386100169,0.4447004255,1.0,4.765859058681677e-06
nheA_up,430,A,nheA_up_SNP_A_430,18,222,0.541376053888889,0.49193069831290415,0.3986650505398534,0.3407658135628613,0.1147110369806689,6.8151120674204025e-09,0.511077146,0.441607347,1.0,3.2099177837550094e-06
nheA_up,431,A,nheA_up_SNP_A_431,180,60,0.4395350422,0.6639512733244116,0.3101928339217002,0.38932862900480325,0.0038743556539554374,5.719942507372883e-10,0.39793779,0.7967438385,1.0,2.694092920972628e-07
nheA_up,432,A,nheA_up_SNP_A_432,92,145,0.4574235843152174,0.5090792066790669,0.3147513607495835,0.3580106456423237,0.041176141911337324,0.7002447229137416,0.4102154025,0.452796812,1.0,1.0
nheA_up,435,A,nheA_up_SNP_A_435,226,14,0.4943822657477876,0.5159279954617648,0.3398554467033405,0.42853097385589844,0.003948456821537341,1.8916315447951754e-06,0.441607347,0.439520077,1.0,0.0008909584575985276
nheA_up,439,A,nheA_up_SNP_A_439,14,231,0.5304201462474791,0.4956876622554113,0.443614283971721,0.33671771051674515,0.004821737514832995,1.4553900406505731e-06,0.439520077,0.44721055200000004,1.0,0.0006854887091464199
nheA_up,440,A,nheA_up_SNP_A_440,224,21,0.47659757876546743,0.7224702088095237,0.3363526419008411,0.3421933865836988,0.8541323824552385,2.88633114313669e-09,0.420351732,0.796299125,1.0,1.359461968417381e-06
nheA_up,442,A,nheA_up_SNP_A_442,213,32,0.49883193008199395,0.48995409128125,0.35277029298994694,0.2768214224628998,0.7835840097028738,6.269228998826317e-09,0.441024395,0.469765377,1.0,2.9528068584471953e-06
nheA_up,450,A,nheA_up_SNP_A_450,225,23,0.5013180477176209,0.48813564182608693,0.3379545037996709,0.3868434703557312,0.2221076866478472,3.2990959258264145e-09,0.454534537,0.42024106699999997,1.0,1.5538741810642412e-06
nheA_up,459,A,nheA_up_SNP_A_459,223,28,0.49691029144154575,0.5419608052857143,0.3362146114302798,0.3941983159260085,0.013068919981043243,3.805412838796833e-10,0.452796812,0.5952064275,1.0,1.792349447073308e-07
nheA_up,473,A,nheA_up_SNP_A_473,13,247,0.48826170403574676,0.4974447855546559,0.4324915319547497,0.3361139022241144,0.001483514108391612,1.6800914528173471e-06,0.366883572,0.452796812,0.6987351450524493,0.0007913230742769705
nheA_up,475,A,nheA_up_SNP_A_475,24,236,0.732782996625,0.473006238412986,0.36189915282964624,0.3301481595734854,0.4222036247498212,3.7514392618208123e-10,0.823553486,0.420351732,1.0,1.7669278923176027e-07
nheA_up,477,A,nheA_up_SNP_A_477,107,153,0.519130948780044,0.4814983834313726,0.3085355030419403,0.3621102969591483,0.30787377866373744,0.0026539995832768727,0.53136218,0.416725468,1.0,1.0
nheA_up,479,A,nheA_up_SNP_A_479,24,236,0.43679967245833334,0.5031062374807826,0.41284709550029847,0.3328771333796209,0.015581838006636482,2.4343923289145997e-07,0.345897742,0.457072891,1.0,0.00011465987869187764
nheA_up,483,A,nheA_up_SNP_A_483,24,236,0.33099594016666667,0.5138659390697657,0.23688179805265208,0.346053281265527,9.820848435944561e-08,0.009952120421718271,0.34448967199999997,0.46858227750000003,4.6256196133298885e-05,1.0
nheA_up,486,A,nheA_up_SNP_A_486,53,207,0.6035013180653717,0.46971349916425126,0.3269219633511625,0.33991395367606214,0.4765277769772751,3.3599489014568587e-06,0.58849963,0.416725468,1.0,0.0015825359325861805
nheA_up,487,A,nheA_up_SNP_A_487,144,116,0.4497205429444444,0.5556595344867646,0.28800161214901127,0.3903114345188116,0.0008980845485055482,1.3631544095101175e-05,0.436182581,0.5159158500000001,0.4229978223461132,0.006420457268792653
nheA_up,490,A,nheA_up_SNP_A_490,243,16,0.5030474631253692,0.4247273814375,0.335881599462271,0.4130383633994206,0.00018483144963481158,7.484176108846639e-06,0.455959844,0.31008309,0.08705561277799626,0.0035250469472667668
nheA_up,492,A,nheA_up_SNP_A_492,39,220,0.5227056863589744,0.4938665903384759,0.26735709480556025,0.353044067573264,0.4517126150729821,4.090107998162558e-10,0.513511381,0.450003682,1.0,1.9264408671345647e-07
nheA_up,494,A,nheA_up_SNP_A_494,26,233,0.46046126342307697,0.5024213682122949,0.188901835364663,0.35441499069635174,0.13652585305108575,3.6301732419300444e-08,0.412906969,0.45818593799999996,1.0,1.709811596949051e-05
nheA_up,495,A,nheA_up_SNP_A_495,44,215,0.4960802527727273,0.49864483963006845,0.27973383381946904,0.35301231728436233,0.6832906948849637,9.781086001200818e-10,0.4831540965,0.44721055200000004,1.0,4.6068915065655855e-07
nheA_up,496,A,nheA_up_SNP_A_496,55,204,0.49994862103636356,0.49774018375227796,0.3154831846933921,0.34839793152123644,5.100376805014136e-05,0.16838997169455394,0.53136218,0.427818541,0.02402277475161658,1.0
nheA_up,497,A,nheA_up_SNP_A_497,214,45,0.4996574788738318,0.4913215814103268,0.3324916325449406,0.3822639956627606,0.2743851724011125,1.0070296815892473e-07,0.450003682,0.512156582,1.0,4.743109800285355e-05
nheA_up,499,A,nheA_up_SNP_A_499,129,130,0.45811211001910623,0.5379977650000001,0.31590771097078413,0.36107722010366955,0.0009142754858289388,0.0005314860239576668,0.44721055200000004,0.4536656745,0.43062375382543017,0.25032991728406107
nheA_up,500,A,nheA_up_SNP_A_500,188,72,0.4636112648588548,0.5841298109861112,0.3364585289110704,0.33949110485541756,0.38806202614060314,0.0026710167409059265,0.389047925,0.5979381325,1.0,1.0
nheA_up,501,A,nheA_up_SNP_A_501,219,41,0.49274570988340055,0.5196330175609756,0.3270632335685409,0.40980138135315486,0.16166885334861392,1.899841052775183e-07,0.452796812,0.420462397,1.0,8.948251358571112e-05
nheA_up,502,A,nheA_up_SNP_A_502,247,13,0.4974447855546559,0.48826170403574676,0.3361139022241144,0.4324915319547497,0.0014835141083916147,1.6800914528173622e-06,0.452796812,0.366883572,0.6987351450524505,0.0007913230742769776
nheA_up,509,A,nheA_up_SNP_A_509,133,129,0.5698096873493587,0.4249336085426356,0.3732887603390934,0.2900694586170427,2.4492796538845908e-05,0.0001217589924572093,0.5263332700000001,0.400189738,0.011536107169796422,0.05734848544734558
nheA_up,510,A,nheA_up_SNP_A_510,18,244,0.5002563739702616,0.4983463491311476,0.3833845486648235,0.33945237982583976,0.23787699621503788,6.491466386068782e-09,0.386100169,0.4536656745,1.0,3.0574806678383964e-06
nheA_up,515,A,nheA_up_SNP_A_515,211,51,0.4938037197273209,0.5178144913137256,0.3479355523898532,0.31913549394409385,0.7374628335477664,2.9440288476458643e-08,0.44721055200000004,0.512156582,1.0,1.3866375872412021e-05
nheA_up,518,A,nheA_up_SNP_A_518,248,15,0.5133316918145162,0.2849514354976472,0.3440024416973815,0.2458058300845293,2.0686871446230996e-06,0.00020649909027518624,0.46435534,0.28200572999999995,0.0009743516451174799,0.09726107151961272
nheA_up,519,A,nheA_up_SNP_A_519,40,223,0.577230237,0.4865081687106041,0.2991257344267873,0.34881990261116136,0.017184810633475676,1.9059513262025273e-05,0.5790824165,0.42024106699999997,1.0,0.008977030746413903
nheA_up,520,A,nheA_up_SNP_A_520,71,192,0.5618191312676055,0.4775592332420037,0.3891549412474776,0.32170966071736273,0.5125761779530544,0.00020486497589792318,0.49549285099999996,0.427818541,1.0,0.09649140364792182
nheA_up,617,A,nheA_up_SNP_A_617,55,198,0.7371423835175402,0.4398444687222222,0.36888286121771674,0.3004449798682178,0.0011741676279451122,6.484204191375998e-11,0.850807847,0.39793779,0.5530329527621478,3.054060174138095e-08
nheA_up,623,A,nheA_up_SNP_A_623,222,31,0.5259768151507419,0.3504897721612903,0.34432502588200925,0.2542221873797111,8.153075630961008e-08,0.09593379402469665,0.47016718300000004,0.378748274,3.840098622182635e-05,1.0
nheA_up,631,A,nheA_up_SNP_A_631,74,110,0.6611851507630366,0.4246132967636364,0.37590159512603016,0.315969190457584,1.4154264343827426e-07,5.034372568045655e-10,0.7285060455,0.38018908,6.666658505942718e-05,2.3711894795495033e-07
nheA_up,633,A,nheA_up_SNP_A_633,72,112,0.6396370059508987,0.44269017296428576,0.377680323975183,0.3265632919233978,1.2722040705888577e-05,1.2680755461768314e-08,0.6579831975,0.39689683000000003,0.00599208117247352,5.972635822492876e-06
nheA_up,640,A,nheA_up_SNP_A_640,59,125,0.5812918248383849,0.49071156908,0.3770092137111924,0.34870484628628334,0.024630050718066752,2.0931293970436592e-07,0.5263332700000001,0.44219029899999995,1.0,9.858639460075635e-05
nheA_up,641,A,nheA_up_SNP_A_641,174,10,0.5361099549367816,0.23520316414647077,0.3616913900013434,0.17182255049284859,0.0003132763428093123,0.0012494265967250501,0.49155859399999996,0.2528122095,0.1475531574631861,0.5884799270574986
nheA_up,690,A,nheA_up_SNP_A_690,240,13,0.5182570843394363,0.25002581992307693,0.33885333918412397,0.23484895424538912,6.555959497657294e-07,0.008761614807379548,0.46858227750000003,0.23603680000000005,0.00030878569233965854,1.0
nheA_up,691,A,nheA_up_SNP_A_691,40,213,0.5383899717,0.4981053381805855,0.2905153292115312,0.34756584608464436,0.5364798785949385,1.3420004916911094e-09,0.5165932495000001,0.452796812,1.0,6.320822315865125e-07
nheA_up,697,A,nheA_up_SNP_A_697,179,74,0.4503946503240223,0.6352891012495231,0.3088724606338143,0.37298327716575863,0.0016787518796227674,1.6715999105959277e-09,0.414999872,0.5885701755,0.7906921353023235,7.873235578906819e-07
nheA_up,699,A,nheA_up_SNP_A_699,179,74,0.449361753935557,0.6377875938648648,0.30923115886799063,0.37100873583629607,0.015231532085639406,5.5432184338001254e-08,0.400189738,0.5885701755,1.0,2.610855882319859e-05
nheA_up,702,A,nheA_up_SNP_A_702,154,99,0.44381078705844157,0.5988401484188355,0.3146805792320936,0.35481472593700386,2.654138426181879e-06,5.206749493306736e-10,0.41586267,0.5263332700000001,0.001250099198731665,2.4523790113474727e-07
nheA_up,712,A,nheA_up_SNP_A_712,237,15,0.5182319945189873,0.3087307104976472,0.343685151476266,0.171719652790782,0.004878810353982036,7.141567261140113e-06,0.47057478900000005,0.32438486346470774,1.0,0.003363678179996993
nheA_up,716,A,nheA_up_SNP_A_716,242,20,0.502786118530846,0.44634416175,0.3381019111356156,0.3897952933429082,0.0005009067566241928,3.7675821714561187e-06,0.4536656745,0.3533598925,0.23592708236999482,0.0017745312027558319
nheA_up,723,A,nheA_up_SNP_A_723,80,182,0.4403847704375,0.5240128696948609,0.2965801225990268,0.35807746131577184,6.0867084674702505e-09,0.0030254884101838493,0.441607347,0.457051257,2.866839688178488e-06,1.0
nheA_up,726,A,nheA_up_SNP_A_726,43,216,0.5714237991038303,0.47674060781481487,0.29555930365978866,0.3460249368490056,0.03520383963018897,4.381888616614068e-05,0.583515228,0.41586267,1.0,0.02063869538425226
nheA_up,729,A,nheA_up_SNP_A_729,125,12,0.361724518512,0.7701609526666666,0.2623972653176068,0.28437093487213055,0.23057502610097447,3.5727478582725687e-06,0.33725143300000004,0.809521376,1.0,0.0016827642412463799
nheA_up,730,A,nheA_up_SNP_A_730,140,40,0.4824422079033194,0.287170262525,0.3026190370771842,0.23143346219779723,5.482199559776859e-09,0.020051497484299394,0.4307344315,0.3024518505,2.5821159926549007e-06,1.0
nheA_up,742,A,nheA_up_SNP_A_742,46,207,0.6087025821304348,0.48131264310369426,0.30389429962141584,0.3426417428781297,0.11057194361652316,5.132914458749679e-05,0.620139472,0.416725468,1.0,0.024176027100710987
nheA_up,743,A,nheA_up_SNP_A_743,139,114,0.4849740664565806,0.5282512338859651,0.36090434968128055,0.30976959271873056,0.031144567931580738,0.0006284742453320229,0.394594416,0.530341301,1.0,0.2960113695513828
nheA_up,749,A,nheA_up_SNP_A_749,102,151,0.5248220863137256,0.49072968938056094,0.31719574704986897,0.3531143285813352,0.16563562866642,0.0003781789222451608,0.530341301,0.414999872,1.0,0.17812227237747072
nheA_up,756,A,nheA_up_SNP_A_756,104,157,0.6136196825192308,0.42423302162716375,0.3747377845801517,0.2965967419006697,2.2568550437641745e-09,1.274224437463855e-12,0.584490403,0.378748274,1.0629787256129262e-06,6.001597100454757e-10
nheA_up,786,A,nheA_up_SNP_A_786,245,16,0.5046973917161824,0.4231356504375,0.35098548236286303,0.15369658151703025,0.17758936085939314,1.70574022876359e-07,0.455959844,0.3721676135,1.0,8.034036477476509e-05
nheA_up,798,A,nheA_up_SNP_A_798,217,44,0.4927805267164272,0.5338103881818181,0.3413463173323497,0.3475165822525933,0.009860157262267731,2.0483664799510528e-11,0.452796812,0.47181973850000003,1.0,9.647806120569458e-09
nheA_up,800,A,nheA_up_SNP_A_800,30,231,0.6408603330666668,0.48136459474227145,0.41870793138716733,0.3271594011271798,0.0927371672679755,2.211017556507325e-07,0.7703751910000001,0.441024395,1.0,0.00010413892691149501
nheA_up,801,A,nheA_up_SNP_A_801,151,110,0.4371979714136735,0.5854921608545455,0.3084065029552966,0.36801442522652683,0.0002343201604660937,1.2613997643524833e-06,0.38162988600000003,0.56070933,0.11036479557953013,0.0005941192890100196
nheA_up,802,A,nheA_up_SNP_A_802,199,62,0.5489549985249483,0.34159655920967735,0.3353663150426369,0.3173834536179216,1.898426074475461e-10,0.10766667080769426,0.5263332700000001,0.327685347,8.941586810779422e-08,1.0
nheA_up,805,A,nheA_up_SNP_A_805,180,81,0.5055931239470262,0.48659591440740746,0.35835902082053384,0.3047696662166036,0.0221943040416862,4.727951174901553e-10,0.457072891,0.430128096,1.0,2.2268650033786315e-07
nheA_up,808,A,nheA_up_SNP_A_808,30,231,0.5370322414488237,0.49484876248484855,0.37228617359282584,0.3384102468536181,0.022871760084535554,1.5346960069651525e-10,0.425790917,0.454534537,1.0,7.228418192805869e-08
nheA_up,813,A,nheA_up_SNP_A_813,244,18,0.4959769584978062,0.5323747803333334,0.33695817949793816,0.4106372481424398,0.0008395775358377107,2.701528512375943e-06,0.4447004255,0.5128339815,0.3954410193795617,0.001272419929329069
nheA_up,843,A,nheA_up_SNP_A_843,33,225,0.27795491475757583,0.5283172445777778,0.19411974728804207,0.3463213027771423,1.2658579106574918e-10,0.7252877239654234,0.28678444000000003,0.48762433699999996,5.962190759196786e-08,1.0
nheA_up,845,A,nheA_up_SNP_A_845,48,213,0.5837258462708333,0.48380710173708924,0.3112973351426243,0.3481595299858864,0.05421847445397902,5.198923683886716e-05,0.5853859535,0.42024106699999997,1.0,0.024486930551106432
nheA_up,846,A,nheA_up_SNP_A_846,43,218,0.5297015405813954,0.49675498644954125,0.3877284633714868,0.3342667214298246,0.057308788376459675,4.9757662990052054e-11,0.478225052,0.4536656745,1.0,2.3435859268314518e-08
nheA_up,865,A,nheA_up_SNP_A_865,239,24,0.516447690319936,0.33956387983333336,0.33931409257054457,0.3410993222523572,1.1505978080402748e-07,0.007770321888503703,0.461305702,0.3109209715,5.419315675869694e-05,1.0
nheA_up,872,A,nheA_up_SNP_A_872,14,249,0.5233435239617649,0.4990109307911646,0.43553166458773496,0.3372956255541853,0.0032681646635190492,8.515396274969444e-07,0.439520077,0.452796812,1.0,0.0004010751645510608
nheA_up,879,A,nheA_up_SNP_A_879,14,251,0.5233435239617649,0.5005180324223107,0.43553166458773496,0.3363877101863466,0.003053597451245125,8.770120446664042e-07,0.439520077,0.454534537,1.0,0.0004130726730378764
nheA_up,888,A,nheA_up_SNP_A_888,24,239,0.4829948107276962,0.5009889213933054,0.34127313085393757,0.3423471348495982,0.018004236369009722,2.1262367912533834e-07,0.4021029565,0.454534537,1.0,0.00010014575286803435
nheA_up,906,A,nheA_up_SNP_A_906,242,22,0.5204954029564658,0.28853396990909086,0.3468470025121099,0.19594274344944287,2.2269082822173505e-08,0.023660970224084497,0.47258973950000005,0.32556056,1.048873800924372e-05,1.0
